sample_id,split,failure_reason,audio_frames,vision_frames
-3nNcZdcdvU_0_0,train,audio_nonfinite_2,,
-571d8cVauQ_0_0,valid,audio_nonfinite_2,,
-6rXp3zJ3kc_58_13,test,vision_mask_zero,,
-HwX2H8Z4hY_27_08,train,vision_mask_zero,,
-MeTTeMJBNc_0_0,test,audio_nonfinite_2,,
-MeTTeMJBNc_77_036,test,vision_mask_zero,,
-THoVjtIkeU_84_27,train,vision_mask_zero,,
-THoVjtIkeU_97_62,train,vision_mask_zero,,
-UUCSKoHeMA_0_0,test,audio_nonfinite_2,,
-UUCSKoHeMA_66_032,test,vision_mask_zero,,
-aqamKhZ1Ec_0_0,train,audio_nonfinite_1,,
-dxfTGcXJoc_0_0,train,audio_nonfinite_2,,
-lqc32Zpr7M_0_0,train,audio_nonfinite_2,,
-lqc32Zpr7M_22_4,train,vision_mask_zero,,
-lzEya4AM_4_78_23,train,vision_mask_zero,,
-qDkUB0GgYY_57_8,valid,vision_mask_zero,,
-rxZxtG0xmY_0_0,test,audio_nonfinite_2,,
-tANM6ETl_M_0_0,train,audio_nonfinite_2,,
-tANM6ETl_M_19_008,train,vision_mask_zero,,
-tPCytz4rww_81_027,train,vision_mask_zero,,
-uywlfIYOS8_47_015,valid,vision_mask_zero,,
-wMB_hJL-3o_0_0,train,audio_nonfinite_2,,
-yRb-Jum7EQ_44_41,test,vision_mask_zero,,
-yRb-Jum7EQ_71_34,test,vision_mask_zero,,
03X1FwF6udc_110_081,train,vision_mask_zero,,
03X1FwF6udc_152_066,train,vision_mask_zero,,
06st0Ez_E_I_0_0,valid,audio_nonfinite_2,,
0JuRmhhgMw8_0_351,train,audio_nonfinite_2,,
0OXeN3MhFeA_0_0,train,audio_nonfinite_2,,
0OXeN3MhFeA_9_8,train,vision_mask_zero,,
0PlQc98SccA_0_0,test,audio_nonfinite_2,,
0YdYFtVdlWE_107_49,train,vision_mask_zero,,
0YdYFtVdlWE_109_5,train,vision_mask_zero,,
0YdYFtVdlWE_46_41,train,vision_mask_zero,,
0YdYFtVdlWE_61_59,train,vision_mask_zero,,
0YdYFtVdlWE_76_71,train,vision_mask_zero,,
0YdYFtVdlWE_94_38,train,vision_mask_zero,,
0YdYFtVdlWE_96_57,train,vision_mask_zero,,
0YdYFtVdlWE_97_26,train,vision_mask_zero,,
0YiAKqU36KE_36_1,test,vision_mask_zero,,
0cBmQ_ItVUc_170_44,train,vision_mask_zero,,
0cBmQ_ItVUc_194_6,train,vision_mask_zero,,
0hCOCt6fWas_43_812,train,audio_nonfinite_4,,
0hCOCt6fWas_73_79,train,audio_nonfinite_2,,
0hCOCt6fWas_97_061,train,vision_mask_zero,,
0hCOCt6fWas_9_041,train,audio_nonfinite_2,,
0uftSGdwo0Q_0_0,test,audio_nonfinite_2,,
101787_0_0,valid,audio_nonfinite_2,,
101787_57_038,valid,vision_mask_zero,,
102184_67_12,train,vision_mask_zero,,
10219_33_007,test,vision_mask_zero,,
102213_34_004,test,vision_mask_zero,,
102213_56_034,test,vision_mask_zero,,
102389_0_0,test,audio_nonfinite_2,,
106077_32_03,train,vision_mask_zero,,
106077_45_0,train,vision_mask_zero,,
106077_64_027,train,vision_mask_zero,,
106077_78_18,train,vision_mask_zero,,
106514_0_0,train,audio_nonfinite_1,,
106514_95_78,train,vision_mask_zero,,
106941_45_01,train,vision_mask_zero,,
107551_86_067,train,vision_mask_zero,,
107585_36_32,test,vision_mask_zero,,
108146_5_001,test,vision_mask_zero,,
108793_93_56,train,vision_mask_zero,,
110565_40_7,test,vision_mask_zero,,
112148_60_011,train,vision_mask_zero,,
112169_40_25,train,vision_mask_zero,,
112169_51_035,train,vision_mask_zero,,
112223_12_12,train,vision_mask_zero,,
112223_24_003,train,vision_mask_zero,,
112425_2_3,test,vision_mask_zero,,
112509_40_32,test,vision_mask_zero,,
112604_0_0,train,audio_nonfinite_2,,
112631_36_08,train,vision_mask_zero,,
112631_49_001,train,vision_mask_zero,,
112903_0_0,train,audio_nonfinite_2,,
114624_0_0,train,audio_nonfinite_2,,
11650_0_0,train,audio_nonfinite_2,,
11650_89_2,train,vision_mask_zero,,
119348_31_9,train,vision_mask_zero,,
11UtTaDYgII_0_0,test,audio_nonfinite_2,,
121128_49_05,valid,vision_mask_zero,,
121358_0_0,train,audio_nonfinite_1,,
121358_34_004,train,vision_mask_zero,,
122842_45_28,train,vision_mask_zero,,
122842_62_56,train,vision_mask_zero,,
125730_14_3,train,vision_mask_zero,,
125730_56_015,train,vision_mask_zero,,
125730_82_076,train,vision_mask_zero,,
125895_49_46,train,vision_mask_zero,,
126542_0_0,train,audio_nonfinite_2,,
126542_67_065,train,vision_mask_zero,,
126831_0_011,train,audio_nonfinite_2,,
126872_49_036,test,vision_mask_zero,,
128059_82_57,valid,vision_mask_zero,,
128059_89_16,valid,vision_mask_zero,,
128752_58_09,train,vision_mask_zero,,
128752_5_05,train,vision_mask_zero,,
128763_43_024,valid,vision_mask_zero,,
128949_0_0,train,audio_nonfinite_2,,
128949_34_17,train,vision_mask_zero,,
129733_14_1,train,vision_mask_zero,,
129733_54_11,train,vision_mask_zero,,
130149_26_012,train,vision_mask_zero,,
130149_87_025,train,vision_mask_zero,,
130366_0_0,test,audio_nonfinite_2,,
130366_35_022,test,vision_mask_zero,,
130456_0_0,valid,audio_nonfinite_1,,
131650_0_0,train,audio_nonfinite_2,,
131650_56_14,train,vision_mask_zero,,
135623_0_0,test,audio_nonfinite_2,,
136196_18_15,test,vision_mask_zero,,
136196_75_021,test,vision_mask_zero,,
137827_40_31,train,vision_mask_zero,,
139006_110_57,train,vision_mask_zero,,
139006_132_112,train,vision_mask_zero,,
139032_141_92,train,vision_mask_zero,,
139032_151_009,train,vision_mask_zero,,
139032_59_058,train,vision_mask_zero,,
139032_95_54,train,vision_mask_zero,,
139032_97_87,train,vision_mask_zero,,
140293_0_0,train,audio_nonfinite_2,,
140317_0_0,train,audio_nonfinite_2,,
154449_0_0,train,audio_nonfinite_2,,
154449_59_038,train,vision_mask_zero,,
15837_55_017,train,vision_mask_zero,,
167521_36_09,test,vision_mask_zero,,
167521_47_33,test,vision_mask_zero,,
180923_14_3,train,vision_mask_zero,,
184784_0_0,train,audio_nonfinite_2,,
188122_0_0,train,audio_nonfinite_1,,
188122_60_56,train,vision_mask_zero,,
188343_0_0,valid,audio_nonfinite_2,,
188343_23_09,valid,vision_mask_zero,,
189966_102_3,train,vision_mask_zero,,
189966_49_42,train,vision_mask_zero,,
18QjfdhJEM4_0_0124716553288,train,audio_nonfinite_2,,
190743_104_46,test,vision_mask_zero,,
190743_78_065,test,vision_mask_zero,,
197778_25_25,train,vision_mask_zero,,
19k6sEC7814_0_0,train,audio_nonfinite_2,,
1A-aRhYx-GQ_62_24,train,vision_mask_zero,,
1A-aRhYx-GQ_95_045,train,vision_mask_zero,,
1F0qH0EEBfo_105_33,train,vision_mask_zero,,
1F0qH0EEBfo_45_9,train,vision_mask_zero,,
1F0qH0EEBfo_67_44,train,vision_mask_zero,,
1F0qH0EEBfo_7_02,train,vision_mask_zero,,
1F0qH0EEBfo_94_47,train,vision_mask_zero,,
1F0qH0EEBfo_98_49,train,vision_mask_zero,,
1HK7Nea0PFo_0_0,valid,audio_nonfinite_2,,
1LkYxsqRPZM_0_0,test,audio_nonfinite_2,,
1RxliidxXyQ_0_0,train,audio_nonfinite_2,,
1W38PnuWIkM_47_46,train,vision_mask_zero,,
1bzS0YF5hfs_14_0,train,vision_mask_zero,,
1cyUKHOvdYY_0_0,train,audio_nonfinite_2,,
1fqNb8cfLFE_0_0,train,audio_nonfinite_2,,
1k7br8xXMSU_93_046,train,vision_mask_zero,,
1olbQVO_C-8_0_0,train,audio_nonfinite_2,,
1pl2FVdQWj0_0_0,test,audio_nonfinite_2,,
1rVly2oeBJg_0_0,train,audio_nonfinite_2,,
1sJjdaXXuJg_29_005,train,vision_mask_zero,,
1tuMFJnlXJc_66_061,train,vision_mask_zero,,
2-4autDbHVQ_40_5,train,vision_mask_zero,,
2-4autDbHVQ_47_34,train,vision_mask_zero,,
2-4autDbHVQ_56_7,train,vision_mask_zero,,
2-4autDbHVQ_59_07,train,vision_mask_zero,,
2-4autDbHVQ_66_15,train,vision_mask_zero,,
2-4autDbHVQ_71_7,train,vision_mask_zero,,
2-4autDbHVQ_79_2,train,vision_mask_zero,,
2-4autDbHVQ_82_44,train,vision_mask_zero,,
2-5hH_k2VFk_122_064,train,vision_mask_zero,,
2-5hH_k2VFk_137_16,train,vision_mask_zero,,
200941_40_06,test,vision_mask_zero,,
200941_50_014,test,vision_mask_zero,,
200941_62_51,test,vision_mask_zero,,
201582_0_0,train,audio_nonfinite_2,,
201582_57_023,train,vision_mask_zero,,
202431_0_0,train,audio_nonfinite_2,,
202431_9_5,train,vision_mask_zero,,
202810_0_0,train,audio_nonfinite_2,,
202810_71_17,train,vision_mask_zero,,
202826_71_11,test,vision_mask_zero,,
202990_108_81,train,vision_mask_zero,,
202990_30_009,train,vision_mask_zero,,
202990_73_015,train,vision_mask_zero,,
206051_0_0,train,audio_nonfinite_2,,
206051_53_042,train,vision_mask_zero,,
206507_27_19,train,vision_mask_zero,,
208148_0_0,train,audio_nonfinite_2,,
208148_18_1,train,vision_mask_zero,,
208148_39_024,train,vision_mask_zero,,
208299_0_0,train,audio_nonfinite_2,,
208299_71_6,train,vision_mask_zero,,
208299_75_042,train,vision_mask_zero,,
208322_66_7,test,vision_mask_zero,,
208322_91_22,test,vision_mask_zero,,
208592_18_4,test,vision_mask_zero,,
209354_56_055,train,vision_mask_zero,,
209758_46_007,test,vision_mask_zero,,
209758_70_003,test,vision_mask_zero,,
210238_59_31,train,vision_mask_zero,,
210238_64_26,train,vision_mask_zero,,
210238_77_55,train,vision_mask_zero,,
210259_126_056,test,vision_mask_zero,,
210618_0_0,train,audio_nonfinite_2,,
210618_27_6,train,vision_mask_zero,,
210618_97_31,train,vision_mask_zero,,
211875_13_012,test,vision_mask_zero,,
211875_18_14,test,vision_mask_zero,,
212532_0_0,train,audio_nonfinite_2,,
213327_0_0,test,audio_nonfinite_2,,
214095_36_28,train,vision_mask_zero,,
215318_0_0,test,audio_nonfinite_2,,
215318_22_6,test,vision_mask_zero,,
215318_33_9,test,vision_mask_zero,,
216007_114_81,train,vision_mask_zero,,
216007_133_02,train,vision_mask_zero,,
216007_140_004,train,vision_mask_zero,,
216097_0_0,valid,audio_nonfinite_2,,
21638_0_0,train,audio_nonfinite_2,,
216857_0_0,train,audio_nonfinite_2,,
216857_0_391,train,audio_nonfinite_2,,
216857_97_042,train,vision_mask_zero,,
218708_32_31,train,vision_mask_zero,,
218708_49_08,train,vision_mask_zero,,
218708_61_02,train,vision_mask_zero,,
218708_67_8,train,vision_mask_zero,,
219775_0_0,train,audio_nonfinite_2,,
219775_47_044,train,vision_mask_zero,,
220134_75_9,train,vision_mask_zero,,
220200_32_019,train,vision_mask_zero,,
220200_37_008,train,vision_mask_zero,,
220200_75_8,train,vision_mask_zero,,
220548_110_63,train,vision_mask_zero,,
220548_137_57,train,vision_mask_zero,,
220548_42_9,train,vision_mask_zero,,
220548_90_067,train,vision_mask_zero,,
220548_95_67,train,vision_mask_zero,,
220548_97_87,train,vision_mask_zero,,
221137_0_0,test,audio_nonfinite_2,,
221153_46_32,test,vision_mask_zero,,
221153_53_49,test,vision_mask_zero,,
221274_0_0,test,audio_nonfinite_2,,
221740_0_0,train,audio_nonfinite_2,,
221740_33_027,train,vision_mask_zero,,
222116_0_0,train,audio_nonfinite_2,,
222247_135_024,test,vision_mask_zero,,
223431_18_19,valid,vision_mask_zero,,
223431_49_39,valid,vision_mask_zero,,
223431_76_07,valid,vision_mask_zero,,
22373_32_0,test,vision_mask_zero,,
224263_63_049,test,vision_mask_zero,,
224370_82_006,test,vision_mask_zero,,
224370_88_0025,test,vision_mask_zero,,
224772_57_038,train,vision_mask_zero,,
224772_93_51,train,vision_mask_zero,,
224772_95_64,train,vision_mask_zero,,
225343_0_0,train,audio_nonfinite_1,,
225416_0_0,train,audio_nonfinite_2,,
225416_101_022,train,vision_mask_zero,,
225416_73_027,train,vision_mask_zero,,
225770_60_046,valid,vision_mask_zero,,
225770_97_4,valid,vision_mask_zero,,
226601_32_08,test,vision_mask_zero,,
226601_45_16,test,vision_mask_zero,,
226601_56_005,test,vision_mask_zero,,
226601_84_61,test,vision_mask_zero,,
22689_0_0,test,audio_nonfinite_2,,
22689_67_19,test,vision_mask_zero,,
227173_0_0,train,audio_nonfinite_1,,
227173_32_08,train,vision_mask_zero,,
227173_42_032,train,vision_mask_zero,,
227173_67_21,train,vision_mask_zero,,
227416_53_017,train,vision_mask_zero,,
227416_60_48,train,vision_mask_zero,,
22821_56_035,train,vision_mask_zero,,
22821_58_27,train,vision_mask_zero,,
22821_60_5,train,vision_mask_zero,,
229090_0_0,train,audio_nonfinite_2,,
229090_130_046,train,vision_mask_zero,,
229903_0_0,train,audio_nonfinite_2,,
229967_0_0,train,audio_nonfinite_2,,
229967_40_35,train,vision_mask_zero,,
229967_59_038,train,vision_mask_zero,,
230252_0_0,train,audio_nonfinite_2,,
233389_0_0,train,audio_nonfinite_2,,
233389_13_002,train,vision_mask_zero,,
233389_82_025,train,vision_mask_zero,,
233939_0_0,test,audio_nonfinite_2,,
233939_44_001,test,vision_mask_zero,,
234046_60_43,test,vision_mask_zero,,
234046_66_54,test,vision_mask_zero,,
234053_36_35,train,vision_mask_zero,,
234053_74_054,train,vision_mask_zero,,
234587_0_0,train,audio_nonfinite_2,,
234587_71_49,train,vision_mask_zero,,
236399_0_0,train,audio_nonfinite_2,,
236442_0_0,test,audio_nonfinite_2,,
23656_0_0,test,audio_nonfinite_2,,
236696_0_0,train,audio_nonfinite_2,,
236696_35_002,train,vision_mask_zero,,
237009_0_0,valid,audio_nonfinite_2,,
237009_54_019,valid,vision_mask_zero,,
237363_64_027,test,vision_mask_zero,,
237363_80_051,test,vision_mask_zero,,
238060_105_004,train,vision_mask_zero,,
238060_40_12,train,vision_mask_zero,,
238100_0_0,train,audio_nonfinite_2,,
238683_0_0,train,audio_nonfinite_2,,
238889_23_04,train,vision_mask_zero,,
239235_0_0,train,audio_nonfinite_2,,
239235_80_21,train,vision_mask_zero,,
240915_28_008,train,vision_mask_zero,,
240915_65_0,train,vision_mask_zero,,
241164_54_12,train,vision_mask_zero,,
241164_61_013,train,vision_mask_zero,,
24196_0_0,test,audio_nonfinite_2,,
24196_49_32,test,vision_mask_zero,,
24196_58_39,test,vision_mask_zero,,
24196_66_42,test,vision_mask_zero,,
24202_0_0,train,audio_nonfinite_2,,
24202_41_034,train,vision_mask_zero,,
243338_71_041,train,vision_mask_zero,,
24351_0_0,test,audio_nonfinite_2,,
24351_71_056,test,vision_mask_zero,,
24351_75_007,test,vision_mask_zero,,
243981_104_076,test,vision_mask_zero,,
243981_124_16,test,vision_mask_zero,,
243981_43_034,test,vision_mask_zero,,
244180_0_0,train,audio_nonfinite_2,,
244180_49_49,train,vision_mask_zero,,
244261_141_061,train,vision_mask_zero,,
244261_84_52,train,vision_mask_zero,,
244817_0_0,train,audio_nonfinite_2,,
244817_78_064,train,vision_mask_zero,,
244829_50_019,train,vision_mask_zero,,
244836_53_51,train,vision_mask_zero,,
24504_0_0,test,audio_nonfinite_2,,
24504_54_02,test,vision_mask_zero,,
245243_47_044,train,vision_mask_zero,,
245243_97_84,train,vision_mask_zero,,
245276_0_0,train,audio_nonfinite_2,,
245276_63_024,train,vision_mask_zero,,
245276_66_4,train,vision_mask_zero,,
245582_146_129,test,vision_mask_zero,,
247318_0_0,valid,audio_nonfinite_2,,
247318_37_008,valid,vision_mask_zero,,
247382_75_001,train,vision_mask_zero,,
247382_80_3,train,vision_mask_zero,,
247382_88_7,train,vision_mask_zero,,
248837_66_0025,train,vision_mask_zero,,
250430_50_018,train,vision_mask_zero,,
251826_71_43,train,vision_mask_zero,,
252097_71_036,test,vision_mask_zero,,
252177_0_0,train,audio_nonfinite_2,,
25271_47_27,train,vision_mask_zero,,
252912_42_036,test,vision_mask_zero,,
252912_54_0045,test,vision_mask_zero,,
252912_9_3,test,vision_mask_zero,,
252998_0_0,valid,audio_nonfinite_2,,
252998_49_39,valid,vision_mask_zero,,
252998_75_29,valid,vision_mask_zero,,
254298_58_3,train,vision_mask_zero,,
255224_0_0,train,audio_nonfinite_2,,
255852_21_015,train,vision_mask_zero,,
256976_0_0,train,audio_nonfinite_1,,
256976_49_01,train,vision_mask_zero,,
257045_0_0,train,audio_nonfinite_2,,
257045_12_06,train,vision_mask_zero,,
257247_0_0,valid,audio_nonfinite_2,,
257247_82_55,valid,vision_mask_zero,,
257277_0_0,test,audio_nonfinite_2,,
257531_71_64,train,vision_mask_zero,,
257531_93_071,train,vision_mask_zero,,
257534_0_0,test,audio_nonfinite_2,,
257534_57_052,test,vision_mask_zero,,
258654_45_24,valid,vision_mask_zero,,
259260_110_39,train,vision_mask_zero,,
259260_114_94,train,vision_mask_zero,,
259260_23_07,train,vision_mask_zero,,
260011_57_038,train,vision_mask_zero,,
261267_70_023,train,vision_mask_zero,,
261900_0_0,train,audio_nonfinite_2,,
261900_158_083,train,vision_mask_zero,,
261900_159_141,train,vision_mask_zero,,
261900_181_59,train,vision_mask_zero,,
261900_53_032,train,vision_mask_zero,,
261902_103_068,train,vision_mask_zero,,
261902_113_076,train,vision_mask_zero,,
261902_137_051,train,vision_mask_zero,,
261902_163_78,train,vision_mask_zero,,
262165_0_0,train,audio_nonfinite_2,,
262165_111_26,train,vision_mask_zero,,
262165_132_047,train,vision_mask_zero,,
262165_144_124,train,vision_mask_zero,,
262165_81_018,train,vision_mask_zero,,
262165_84_41,train,vision_mask_zero,,
262226_13_013,train,vision_mask_zero,,
262226_62_8,train,vision_mask_zero,,
262226_67_27,train,vision_mask_zero,,
264418_0_0,train,audio_nonfinite_2,,
264418_119_71,train,vision_mask_zero,,
264446_0_0,train,audio_nonfinite_2,,
264446_147_027,train,vision_mask_zero,,
264446_163_94,train,vision_mask_zero,,
264446_251_87,train,vision_mask_zero,,
264446_254_045,train,vision_mask_zero,,
264446_36_36,train,vision_mask_zero,,
265959_108_092,train,vision_mask_zero,,
265959_60_046,train,vision_mask_zero,,
265959_89_079,train,vision_mask_zero,,
266366_0_0,train,audio_nonfinite_2,,
266366_133_21,train,vision_mask_zero,,
266366_135_066,train,vision_mask_zero,,
266366_139_76,train,vision_mask_zero,,
266366_158_023,train,vision_mask_zero,,
266396_141_71,train,vision_mask_zero,,
266396_154_88,train,vision_mask_zero,,
266396_163_98,train,vision_mask_zero,,
266396_181_72,train,vision_mask_zero,,
266396_185_84,train,vision_mask_zero,,
266396_196_117,train,vision_mask_zero,,
266396_200_018,train,vision_mask_zero,,
266396_208_0,train,vision_mask_zero,,
266396_210_095,train,vision_mask_zero,,
266396_223_085,train,vision_mask_zero,,
266396_229_052,train,vision_mask_zero,,
266396_238_72,train,vision_mask_zero,,
266396_75_76,train,vision_mask_zero,,
266396_80_34,train,vision_mask_zero,,
266791_0_0,valid,audio_nonfinite_2,,
266791_0_76,valid,audio_nonfinite_2,,
266791_12_005,valid,vision_mask_zero,,
266852_115_08,train,vision_mask_zero,,
266852_211_018,train,vision_mask_zero,,
266938_180_163,train,vision_mask_zero,,
266938_181_7,train,vision_mask_zero,,
266938_203_44,train,vision_mask_zero,,
266938_218_057,train,vision_mask_zero,,
266938_50_039,train,vision_mask_zero,,
266938_71_4,train,vision_mask_zero,,
267255_115_64,train,vision_mask_zero,,
267255_76_04,train,vision_mask_zero,,
267278_105_043,train,vision_mask_zero,,
267278_141_88,train,vision_mask_zero,,
267466_225_47,test,vision_mask_zero,,
267466_75_69,test,vision_mask_zero,,
267694_0_0,test,audio_nonfinite_1,,
267694_24_018,test,vision_mask_zero,,
267799_0_0,train,audio_nonfinite_2,,
26WrTHLJJIU_0_0,train,audio_nonfinite_2,,
270254_97_49,valid,vision_mask_zero,,
270628_0_0,train,audio_nonfinite_2,,
270628_135_34,train,vision_mask_zero,,
270628_137_47,train,vision_mask_zero,,
270628_146_139,train,vision_mask_zero,,
270628_221_0105,train,vision_mask_zero,,
270665_106_65,train,vision_mask_zero,,
270665_168_25,train,vision_mask_zero,,
270956_60_52,train,vision_mask_zero,,
271366_106_0065,train,vision_mask_zero,,
271366_112_068,train,vision_mask_zero,,
271366_114_053,train,vision_mask_zero,,
271366_123_053,train,vision_mask_zero,,
271366_177_09,train,vision_mask_zero,,
271366_189_028,train,vision_mask_zero,,
271366_71_47,train,vision_mask_zero,,
271594_113_0105,train,vision_mask_zero,,
271594_119_61,train,vision_mask_zero,,
271594_36_33,train,vision_mask_zero,,
271594_44_45,train,vision_mask_zero,,
271594_82_025,train,vision_mask_zero,,
271598_65_045,train,vision_mask_zero,,
272624_0_0,valid,audio_nonfinite_2,,
272838_71_06,test,vision_mask_zero,,
273171_23_1,train,vision_mask_zero,,
273171_5_02,train,vision_mask_zero,,
273237_106_73,train,vision_mask_zero,,
273237_147_068,train,vision_mask_zero,,
273237_58_33,train,vision_mask_zero,,
273250_53_26,test,vision_mask_zero,,
273250_65_065,test,vision_mask_zero,,
273250_69_43,test,vision_mask_zero,,
273250_81_018,test,vision_mask_zero,,
273314_27_08,train,vision_mask_zero,,
273531_115_7,train,vision_mask_zero,,
273531_82_0015,train,vision_mask_zero,,
273531_97_062,train,vision_mask_zero,,
273539_0_0,valid,audio_nonfinite_2,,
273539_72_019,valid,vision_mask_zero,,
274219_0_0,train,audio_nonfinite_2,,
274219_31_19,train,vision_mask_zero,,
274219_58_29,train,vision_mask_zero,,
274219_81_058,train,vision_mask_zero,,
275267_58_011,test,vision_mask_zero,,
275267_73_027,test,vision_mask_zero,,
275267_79_053,test,vision_mask_zero,,
275620_0_0,train,audio_nonfinite_2,,
275620_103_008,train,vision_mask_zero,,
275620_115_091,train,vision_mask_zero,,
275620_54_11,train,vision_mask_zero,,
275620_84_65,train,vision_mask_zero,,
276217_139_56,train,vision_mask_zero,,
276217_163_141,train,vision_mask_zero,,
277991_1_03,train,vision_mask_zero,,
27ubp7CLLKQ_98_059,train,vision_mask_zero,,
28006_129_109,test,vision_mask_zero,,
28006_34_08,test,vision_mask_zero,,
28006_64_037,test,vision_mask_zero,,
28006_82_63,test,vision_mask_zero,,
282560_0_0,train,audio_nonfinite_2,,
282560_63_009,train,vision_mask_zero,,
282586_0_0,train,audio_nonfinite_2,,
283935_0_0,test,audio_nonfinite_1,,
284673_0_0,train,audio_nonfinite_2,,
284673_98_05,train,vision_mask_zero,,
288714_14_1,train,vision_mask_zero,,
288714_36_25,train,vision_mask_zero,,
288714_42_007,train,vision_mask_zero,,
288714_67_18,train,vision_mask_zero,,
288766_106_69,train,vision_mask_zero,,
288766_113_0055,train,vision_mask_zero,,
288766_123_102,train,vision_mask_zero,,
288766_62_25,train,vision_mask_zero,,
288766_68_027,train,vision_mask_zero,,
290088_64_047,train,vision_mask_zero,,
29044_0_0,train,audio_nonfinite_2,,
290546_0_0,valid,audio_nonfinite_2,,
290546_39_003,valid,vision_mask_zero,,
291121_0_0,train,audio_nonfinite_1,,
292277_0_0,train,audio_nonfinite_2,,
294178_75_9,train,vision_mask_zero,,
298736_0_0,train,audio_nonfinite_2,,
298736_129_079,train,vision_mask_zero,,
298736_88_9,train,vision_mask_zero,,
298774_0_0,train,audio_nonfinite_2,,
298774_119_3,train,vision_mask_zero,,
298774_133_23,train,vision_mask_zero,,
298774_99_076,train,vision_mask_zero,,
2BuFtglEcaY_0_0,test,audio_nonfinite_2,,
2HP4KedfmSc_0_0,train,audio_nonfinite_2,,
2HP4KedfmSc_34_015,train,vision_mask_zero,,
2HP4KedfmSc_49_13,train,vision_mask_zero,,
2JY5HXBWO84_118_033,train,vision_mask_zero,,
2JY5HXBWO84_169_067,train,vision_mask_zero,,
2OLVF-KEaZU_41_008,train,vision_mask_zero,,
2QXHdu2zlQY_0_0,test,audio_nonfinite_2,,
2QXHdu2zlQY_53_002,test,vision_mask_zero,,
2RDubrUjI-k_13_7,train,vision_mask_zero,,
2S00zYaVrtc_0_0,valid,audio_nonfinite_2,,
2S00zYaVrtc_114_082,valid,vision_mask_zero,,
2S00zYaVrtc_13_6,valid,vision_mask_zero,,
2S00zYaVrtc_146_039,valid,vision_mask_zero,,
2Wo-0trLBjU_176_48,train,vision_mask_zero,,
2Xt31_d0XEE_0_81,valid,audio_nonfinite_2,,
2ahFSMFvs_c_0_0,train,audio_nonfinite_2,,
2c2fhh_Dsoo_0_0,train,audio_nonfinite_2,,
2cwNG0YuwtQ_136_82,train,vision_mask_zero,,
2f6ZHqJ76EU_0_0,train,audio_nonfinite_2,,
2f6ZHqJ76EU_93_06,train,vision_mask_zero,,
2lj0BaPsJpM_0_0,train,audio_nonfinite_2,,
2mWPHvbKzL8_79_77,train,vision_mask_zero,,
2o2ljA0QD7g_90_018,test,vision_mask_zero,,
2vsgDSlJ9pU_0_0,test,audio_nonfinite_2,,
2ze94yo2aPo_0_0,test,audio_nonfinite_2,,
30763_0_0,train,audio_nonfinite_2,,
31197_0_0,train,audio_nonfinite_2,,
31197_40_01,train,vision_mask_zero,,
31tcuDMQ_H8_66_52,train,vision_mask_zero,,
31tcuDMQ_H8_89_089,train,vision_mask_zero,,
32681_47_024,valid,vision_mask_zero,,
33170_0_0,valid,audio_nonfinite_2,,
33170_22_7,valid,vision_mask_zero,,
33312_0_0,train,audio_nonfinite_2,,
33312_93_62,train,vision_mask_zero,,
33439_61_043,train,vision_mask_zero,,
34346_27_4,train,vision_mask_zero,,
34346_94_079,train,vision_mask_zero,,
36098_0_0,train,audio_nonfinite_2,,
367506_49_7,train,vision_mask_zero,,
367576_45_03,train,vision_mask_zero,,
36o2cux9kfQ_0_0,train,audio_nonfinite_2,,
37117_0_0,train,audio_nonfinite_2,,
37NMbnd7r20_0_0,test,audio_nonfinite_2,,
38019_0_0,train,audio_nonfinite_2,,
38019_20_006,train,vision_mask_zero,,
38019_71_36,train,vision_mask_zero,,
3B1zIUj-k3o_27_19,train,vision_mask_zero,,
3B1zIUj-k3o_62_27,train,vision_mask_zero,,
3DgOMTs3A1E_0_0,train,audio_nonfinite_2,,
3DgOMTs3A1E_100_054,train,vision_mask_zero,,
3DgOMTs3A1E_139_68,train,vision_mask_zero,,
3DgOMTs3A1E_26_731,train,audio_nonfinite_4,,
3FpmKxZgihw_0_0,train,audio_nonfinite_2,,
3GyEnzE1NTQ_0_0,train,audio_nonfinite_2,,
3IUVpwx23cY_110_71,test,vision_mask_zero,,
3MFNIag0wNE_142_06,valid,vision_mask_zero,,
3MFNIag0wNE_62_36,valid,vision_mask_zero,,
3VsrcbjPwZY_0_0,train,audio_nonfinite_2,,
3WZ6R9B0PcU_67_029,test,vision_mask_zero,,
3Wi0if_L6Ug_157_105,train,vision_mask_zero,,
3Wi0if_L6Ug_49_14,train,vision_mask_zero,,
3ZmLhK_YHl8_0_0,train,audio_nonfinite_2,,
3aD0xAgxxyw_0_0,train,audio_nonfinite_2,,
3f6xCzKx9CA_5_0,train,vision_mask_zero,,
3fhCxePBuZY_0_0,train,audio_nonfinite_2,,
3hOlJf_JQDs_5_06,test,vision_mask_zero,,
3j94B0pzSVs_0_0,valid,audio_nonfinite_2,,
3j94B0pzSVs_100_075,valid,vision_mask_zero,,
3kNPvhdF1NA_0_0,train,audio_nonfinite_2,,
3lkn8MS3n8Q_172_35,train,vision_mask_zero,,
3lkn8MS3n8Q_194_151,train,vision_mask_zero,,
3n44IP3tCVE_0_0,train,audio_nonfinite_2,,
3n44IP3tCVE_122_094,train,vision_mask_zero,,
3ocpWAmSNUE_41_008,train,vision_mask_zero,,
3odZe3AGilc_0_0,test,audio_nonfinite_2,,
3paDwuRQP1w_37_037,train,vision_mask_zero,,
3sUS8vXbRwg_18_2,train,vision_mask_zero,,
3sUS8vXbRwg_82_49,train,vision_mask_zero,,
3w9I5SBhHNc_70_062,train,vision_mask_zero,,
3y2YInNUmHY_0_0,train,audio_nonfinite_2,,
40260_131_03,train,vision_mask_zero,,
40260_180_0085,train,vision_mask_zero,,
40260_244_028,train,vision_mask_zero,,
40260_5_5,train,vision_mask_zero,,
40260_61_0035,train,vision_mask_zero,,
41381_5_5,test,vision_mask_zero,,
41692_66_047,train,vision_mask_zero,,
43371_0_0,train,audio_nonfinite_2,,
44780_0_0,train,audio_nonfinite_2,,
45175_73_63,train,vision_mask_zero,,
45186_18_02,train,vision_mask_zero,,
45186_22_001,train,vision_mask_zero,,
45186_49_45,train,vision_mask_zero,,
46495_0_0,test,audio_nonfinite_2,,
46495_29_025,test,vision_mask_zero,,
46615_0_0,test,audio_nonfinite_2,,
46615_21_08,test,vision_mask_zero,,
46618_0_0,train,audio_nonfinite_2,,
46618_5_05,train,vision_mask_zero,,
47472_0_0,train,audio_nonfinite_2,,
4HAC00EAdno_18_1,train,vision_mask_zero,,
4HAC00EAdno_97_42,train,vision_mask_zero,,
4Kh5N9W-Jr4_0_0,train,audio_nonfinite_2,,
4Kh5N9W-Jr4_35_033,train,vision_mask_zero,,
4Ry6M_ZfJQc_0_0,train,audio_nonfinite_2,,
4WTVL5bNybU_0_0,train,audio_nonfinite_2,,
4dV3slGSc60_0_0,valid,audio_nonfinite_2,,
4dV3slGSc60_41_028,valid,vision_mask_zero,,
4hEWns7JBg0_0_0,train,audio_nonfinite_2,,
4hEWns7JBg0_30_012,train,vision_mask_zero,,
4hEWns7JBg0_54_19,train,vision_mask_zero,,
4iG0ffmnCOw_0_0,train,audio_nonfinite_2,,
4jTUcNlxlYA_0_0124716553288,train,audio_nonfinite_2,,
4lKz4xyCmkk_0_0,train,audio_nonfinite_2,,
4oeKDFIaL7o_0_0,train,audio_nonfinite_2,,
4oeKDFIaL7o_58_02,train,vision_mask_zero,,
4poXF3xo6Z8_0_0,train,audio_nonfinite_2,,
4poXF3xo6Z8_115_59,train,vision_mask_zero,,
4qjz4BQCZyM_0_0,train,audio_nonfinite_2,,
4wLP4elp1uM_36_029,test,vision_mask_zero,,
51224_102_37,train,vision_mask_zero,,
51224_60_055,train,vision_mask_zero,,
51224_91_19,train,vision_mask_zero,,
52068_0_0,train,audio_nonfinite_2,,
52068_78_03,train,vision_mask_zero,,
52068_98_015,train,vision_mask_zero,,
52839_71_071,train,vision_mask_zero,,
53609_28_024,test,vision_mask_zero,,
53609_35_023,test,vision_mask_zero,,
53609_45_029,test,vision_mask_zero,,
53609_58_029,test,vision_mask_zero,,
53742_77_026,train,vision_mask_zero,,
53742_86_036,train,vision_mask_zero,,
53766_93_6,test,vision_mask_zero,,
54CM1_GA-uw_0_0124716553288,train,audio_nonfinite_2,,
55156_51_8,train,vision_mask_zero,,
56276_0_0,train,audio_nonfinite_2,,
56276_56_2,train,vision_mask_zero,,
57618_27_021,train,vision_mask_zero,,
59333_0_0,train,audio_nonfinite_2,,
59333_32_029,train,vision_mask_zero,,
59673_0_0,test,audio_nonfinite_1,,
59673_56_045,test,vision_mask_zero,,
5F-KEGK9eXo_0_0,train,audio_nonfinite_2,,
5Fs_7A_V2kA_72_049,train,vision_mask_zero,,
5OLO6zEbrVw_31_021,train,vision_mask_zero,,
5PqwxUYIe3c_26_9,train,vision_mask_zero,,
5PqwxUYIe3c_79_6,train,vision_mask_zero,,
5R5fDxZUL8M_100_015,train,vision_mask_zero,,
5RVF_3YBUVI_0_0124716553288,train,audio_nonfinite_1,,
5YnYGjrhzF4_54_02,train,vision_mask_zero,,
5eA5HpyFsIk_0_0,train,audio_nonfinite_2,,
5fKPJPFqPho_39_6325,test,audio_nonfinite_2,,
5fKPJPFqPho_8_6525,test,audio_nonfinite_2,,
5kaCGzjYukM_0_0,valid,audio_nonfinite_2,,
5pxFqJ5hKMU_62_03,test,vision_mask_zero,,
5qxZFmIaynE_10_857,train,audio_nonfinite_2,,
5qxZFmIaynE_162_014,train,vision_mask_zero,,
5qxZFmIaynE_189_8,train,vision_mask_zero,,
5tV5rZZJDCE_0_0,train,audio_nonfinite_2,,
5vwXp27bCLw_140_113,test,vision_mask_zero,,
60037_89_13,train,vision_mask_zero,,
61531_0_0,test,audio_nonfinite_1,,
61531_47_35,test,vision_mask_zero,,
61531_50_024,test,vision_mask_zero,,
63951_5_0,test,vision_mask_zero,,
65kkuNV921k_154_39,train,vision_mask_zero,,
65kkuNV921k_163_23,train,vision_mask_zero,,
65kkuNV921k_172_12,train,vision_mask_zero,,
65kkuNV921k_177_29,train,vision_mask_zero,,
65kkuNV921k_86_046,train,vision_mask_zero,,
67uKYi7mslE_0_051,test,audio_nonfinite_1,,
69707_0_0,train,audio_nonfinite_2,,
69707_89_029,train,vision_mask_zero,,
69824_27_12,test,vision_mask_zero,,
6KvG5VbLalY_84_56,valid,vision_mask_zero,,
6MloL1gIccs_75_2,train,vision_mask_zero,,
6TDXQtGUNEs_162_063,train,vision_mask_zero,,
6TDXQtGUNEs_43_004,train,vision_mask_zero,,
6TDXQtGUNEs_8_003,train,vision_mask_zero,,
6UV6ktwbLoo_117_75,train,vision_mask_zero,,
6YNAmRjpxlA_23_12,train,vision_mask_zero,,
6ZA8I83x-oY_0_0,valid,audio_nonfinite_2,,
6_ZT8beQXq8_49_04,valid,vision_mask_zero,,
6_ZT8beQXq8_58_001,valid,vision_mask_zero,,
6aoTjlvo0js_0_0,train,audio_nonfinite_2,,
6brtMLkjjYk_0_0,test,audio_nonfinite_2,,
6hFiTU77Sm0_0_0,valid,audio_nonfinite_2,,
6hFiTU77Sm0_57_58,valid,vision_mask_zero,,
6rkV4QRcVnk_23_05,train,vision_mask_zero,,
6slq62RwH3Q_0_0,train,audio_nonfinite_2,,
6slq62RwH3Q_62_59,train,vision_mask_zero,,
6slq62RwH3Q_71_05,train,vision_mask_zero,,
6vbd4o5rIjM_40_25,train,vision_mask_zero,,
708sewcSXVY_0_0,train,audio_nonfinite_2,,
72385_0_0,train,audio_nonfinite_2,,
73449_91_28,train,vision_mask_zero,,
75938_0_0,train,audio_nonfinite_2,,
76124_0_0,train,audio_nonfinite_2,,
76sN4tvbPGk_36_02,train,vision_mask_zero,,
78577_22_5,train,vision_mask_zero,,
78577_47_046,train,vision_mask_zero,,
78Ncka6CY70_0_0124716553288,train,audio_nonfinite_2,,
79644_0_0,train,audio_nonfinite_2,,
79644_49_05,train,vision_mask_zero,,
79935_0_0,train,audio_nonfinite_2,,
79935_41_038,train,vision_mask_zero,,
79935_47_14,train,vision_mask_zero,,
7IxmlIwqigw_142_118,test,vision_mask_zero,,
7IxmlIwqigw_185_41,test,vision_mask_zero,,
7R70kKqtGh0_0_0,train,audio_nonfinite_2,,
7SsmaZZ7mz0_0_0,train,audio_nonfinite_2,,
7UlSX-syPeo_71_5,train,vision_mask_zero,,
7Vp6Lvin1rA_114_85,train,vision_mask_zero,,
7_K3F-lAv1k_0_0,valid,audio_nonfinite_2,,
7_K3F-lAv1k_62_14,valid,vision_mask_zero,,
7deoh0NoMs4_0_0,test,audio_nonfinite_2,,
7eJqqvvziQo_0_0,train,audio_nonfinite_2,,
7ifnoHhrMtA_80_21,train,vision_mask_zero,,
7mb8Y2AhXIY_0_0,test,audio_nonfinite_2,,
7npCA0zoQ8Q_0_0,test,audio_nonfinite_2,,
7pZPQbMKGkY_0_0,train,audio_nonfinite_2,,
7r4vRxKLFCA_64_016,valid,vision_mask_zero,,
7rMLN0KKE5k_0_0,train,audio_nonfinite_2,,
7xiu1tAJ2d8_128_11,train,vision_mask_zero,,
80627_57_002,train,vision_mask_zero,,
80855_40_26,valid,vision_mask_zero,,
80855_49_37,valid,vision_mask_zero,,
81615_0_0,train,audio_nonfinite_2,,
830KzUc6CbU_66_62,valid,vision_mask_zero,,
83400_0_011,test,audio_nonfinite_2,,
83400_64_027,test,vision_mask_zero,,
83_N43pvgHI_93_17,train,vision_mask_zero,,
8404_45_005,train,vision_mask_zero,,
84133_0_0,train,audio_nonfinite_2,,
84176_60_49,train,vision_mask_zero,,
86c2OkQ3_U8_0_0,test,audio_nonfinite_2,,
87400_0_0,train,audio_nonfinite_2,,
87400_58_0055,train,vision_mask_zero,,
87400_75_49,train,vision_mask_zero,,
88119_62_041,train,vision_mask_zero,,
88245_0_0,train,audio_nonfinite_2,,
88791_18_2,test,vision_mask_zero,,
88791_47_005,test,vision_mask_zero,,
88S1BjwMfdw_83_033,train,vision_mask_zero,,
88oSn21TFcA_0_0,train,audio_nonfinite_2,,
88oSn21TFcA_55_006,train,vision_mask_zero,,
89747_0_0,train,audio_nonfinite_1,,
89747_94_024,train,vision_mask_zero,,
89951_27_7,train,vision_mask_zero,,
89951_78_054,train,vision_mask_zero,,
89ZmOPOilu4_0_0,test,audio_nonfinite_2,,
8Cp8c-eQELQ_0_0,train,audio_nonfinite_2,,
8EHEEXex5D8_14_02,train,vision_mask_zero,,
8EHEEXex5D8_81_007,train,vision_mask_zero,,
8EHEEXex5D8_92_79,train,vision_mask_zero,,
8F1mj-XT6KA_45_019,train,vision_mask_zero,,
8Lmqsakmw3M_134_87599999999998,train,audio_nonfinite_2,,
8Lmqsakmw3M_146_31,train,vision_mask_zero,,
8M0AlvtMrv8_0_0,train,audio_nonfinite_1,,
8P0zm2oYDyY_0_0,train,audio_nonfinite_2,,
8VP1qxX9mh4_0_0,train,audio_nonfinite_2,,
8f_lBxZgDb0_0_0,train,audio_nonfinite_2,,
8f_lBxZgDb0_26_022,train,vision_mask_zero,,
8ovb-GaZ3QE_0_3,train,audio_nonfinite_2,,
8qCNtqjygW8_48_023,train,vision_mask_zero,,
8u5aet7s9_w_51_025,train,vision_mask_zero,,
8wQhzezNcUY_111_08,test,vision_mask_zero,,
9-EO2oCAGA4_0_0,train,audio_nonfinite_2,,
91276_0_001,train,audio_nonfinite_2,,
91276_71_13,train,vision_mask_zero,,
91844_0_0,test,audio_nonfinite_2,,
91844_40_34,test,vision_mask_zero,,
91844_77_026,test,vision_mask_zero,,
92221_75_052,train,vision_mask_zero,,
92331_0_0,train,audio_nonfinite_1,,
92331_82_59,train,vision_mask_zero,,
92533_0_0,train,audio_nonfinite_2,,
92533_40_23,train,vision_mask_zero,,
93821_62_9,train,vision_mask_zero,,
94215_0_0,train,audio_nonfinite_2,,
94983_0_0,train,audio_nonfinite_2,,
94983_47_33,train,vision_mask_zero,,
96099_0_0,train,audio_nonfinite_2,,
96179_0_0,train,audio_nonfinite_2,,
96350_67_2,train,vision_mask_zero,,
96642_0_0,valid,audio_nonfinite_2,,
97095_102_24,train,vision_mask_zero,,
97095_106_67,train,vision_mask_zero,,
97095_113_12,train,vision_mask_zero,,
97095_92_063,train,vision_mask_zero,,
98187_45_029,train,vision_mask_zero,,
99501_58_19,valid,vision_mask_zero,,
9K4aWWoXuyU_0_0,train,audio_nonfinite_2,,
9Lr4i7bIB6w_0_0124716553288,test,audio_nonfinite_2,,
9PzZSheh10U_0_0,test,audio_nonfinite_2,,
9PzZSheh10U_173_0045,test,vision_mask_zero,,
9QI-9w_VdB4_0_0,valid,audio_nonfinite_2,,
9TAGpMywQyE_0_0,test,audio_nonfinite_2,,
9Un1O2ypJmI_0_0,train,audio_nonfinite_2,,
9cSJglGi9Pg_101_62,train,vision_mask_zero,,
9cSJglGi9Pg_35_003,train,vision_mask_zero,,
9cSJglGi9Pg_66_43,train,vision_mask_zero,,
9ceYD_OzPz8_0_0,train,audio_nonfinite_2,,
9cxlcpbmrH0_102_18,train,vision_mask_zero,,
9cxlcpbmrH0_34_035,train,vision_mask_zero,,
9orb0lQnVW4_0_0,test,audio_nonfinite_2,,
9pdyTplXwM4_0_0,train,audio_nonfinite_2,,
9tX18DNC74w_66_55,train,vision_mask_zero,,
A1lFJXUpxZo_119_051,test,vision_mask_zero,,
A1lFJXUpxZo_138_088,test,vision_mask_zero,,
A2E78CGi5TU_62_17,train,vision_mask_zero,,
A6R6J8SJtBc_0_0124716553288,train,audio_nonfinite_2,,
AB1PbMaW03s_97_33,test,vision_mask_zero,,
ABSC1JNdpTw_66_43,train,vision_mask_zero,,
AGM-hNupJik_0_0,train,audio_nonfinite_2,,
AIPqRuTjI4E_57_022,train,vision_mask_zero,,
AIPqRuTjI4E_86_006,train,vision_mask_zero,,
AKofHsmxa1I_84_07,train,vision_mask_zero,,
AggyS1coOb8_0_0,train,audio_nonfinite_2,,
AmGocfFQfVE_0_0,train,audio_nonfinite_2,,
AmGocfFQfVE_13_8,train,vision_mask_zero,,
AmGocfFQfVE_53_24,train,vision_mask_zero,,
AmGocfFQfVE_88_63,train,vision_mask_zero,,
Arh2TKRi_mg_119_011,valid,vision_mask_zero,,
AuPCZlKBzq8_95_035,train,vision_mask_zero,,
AxNy9TeTLq8_0_0,valid,audio_nonfinite_2,,
B1B71X_SmwY_0_0,train,audio_nonfinite_2,,
B1B71X_SmwY_119_82,train,vision_mask_zero,,
BB_VwJSg3AI_18_16,train,vision_mask_zero,,
BJS5KCSowgU_37_037,test,vision_mask_zero,,
BLFUj7_uy_0_0_0,train,audio_nonfinite_2,,
BR2pkk3TK-0_0_0,test,audio_nonfinite_2,,
BRdw-_dbJXc_71_09,train,vision_mask_zero,,
BXqnWuDA3H4_0_0,train,audio_nonfinite_2,,
BXqnWuDA3H4_29_025,train,vision_mask_zero,,
BaX10vbFhuU_75_6,train,vision_mask_zero,,
BdqoZ5qpz0E_0_0,train,audio_nonfinite_1,,
BdqoZ5qpz0E_68_013,train,vision_mask_zero,,
Bg-PA5KTjNs_0_0,train,audio_nonfinite_2,,
BnWvk0YRgE4_0_0,train,audio_nonfinite_2,,
BseI8-TYWm8_0_0,train,audio_nonfinite_2,,
BuPhjBayua8_0_0,train,audio_nonfinite_2,,
C03473pYcRM_174_106,train,vision_mask_zero,,
C03473pYcRM_64_046,train,vision_mask_zero,,
C5-cY1nPQ20_23_3,test,vision_mask_zero,,
C5-cY1nPQ20_27_08,test,vision_mask_zero,,
CBYQDIqucxE_0_0,train,audio_nonfinite_2,,
CE9yV4SearE_101_87,train,vision_mask_zero,,
CIqRibqChDQ_0_0,train,audio_nonfinite_2,,
CJGuudyvA0Y_0_0,valid,audio_nonfinite_2,,
CK31s0kfp-k_127_043,train,vision_mask_zero,,
CK31s0kfp-k_5_03,train,vision_mask_zero,,
CLkTjujFVKU_0_0,train,audio_nonfinite_2,,
CO2YoTZbUr0_0_0,test,audio_nonfinite_2,,
CO2YoTZbUr0_28_887,test,audio_nonfinite_2,,
CO2YoTZbUr0_30_373,test,audio_nonfinite_2,,
CO2YoTZbUr0_37_407,test,audio_nonfinite_2,,
CO2YoTZbUr0_3_455,test,audio_nonfinite_4,,
CO2YoTZbUr0_5_839,test,audio_nonfinite_2,,
CPjbogfLHR4_23_019,valid,vision_mask_zero,,
CVx494kExvc_0_0,train,audio_nonfinite_2,,
CVx494kExvc_136_012,train,vision_mask_zero,,
CVx494kExvc_93_62,train,vision_mask_zero,,
CXojk-oSaEw_0_0,train,audio_nonfinite_2,,
CZVmxwrWv34_12_1,train,vision_mask_zero,,
CZigX1ntOsI_0_0,train,audio_nonfinite_2,,
CZigX1ntOsI_95_82,train,vision_mask_zero,,
CbQxC1iPyS8_0_0,train,audio_nonfinite_2,,
CqFt3_uka14_101_6,train,vision_mask_zero,,
CuF-UOcAFG8_91_26,train,vision_mask_zero,,
CuFLRnu4FQ8_23_019,train,vision_mask_zero,,
CvW0Mh1EWFA_110_48,train,vision_mask_zero,,
CvW0Mh1EWFA_31_2815,train,audio_nonfinite_4,,
CvW0Mh1EWFA_48_2125,train,audio_nonfinite_4,,
CwF97vXPYX4_44_7,test,vision_mask_zero,,
D5cQWqYcBAE_0_0,train,audio_nonfinite_2,,
DR65no1jCbg_0_0,test,audio_nonfinite_2,,
DatH-ra0VKY_154_71,train,vision_mask_zero,,
DatH-ra0VKY_46_008,train,vision_mask_zero,,
DbAppk7xT0Y_45_06,train,vision_mask_zero,,
DdUJojoFU_c_13_6,valid,vision_mask_zero,,
DdUJojoFU_c_156_156,valid,vision_mask_zero,,
DebbnL-_rnI_0_0,test,audio_nonfinite_2,,
DfTMoqwMHVE_0_0,train,audio_nonfinite_2,,
DpZGnuj-BA8_0_0,valid,audio_nonfinite_2,,
Drhrzj1yhVs_36_2,train,vision_mask_zero,,
E05bA058vts_29_005,train,vision_mask_zero,,
E8MuzHUhUHk_0_0,valid,audio_nonfinite_2,,
EEUGfVTyTQM_0_0,train,audio_nonfinite_2,,
EEjCkc82oyk_0_0,valid,audio_nonfinite_2,,
EJT25p7JahU_0_0,train,audio_nonfinite_2,,
EJT25p7JahU_84_02,train,vision_mask_zero,,
EO_5o9Gup6g_0_0,test,audio_nonfinite_2,,
EO_5o9Gup6g_104_61,test,vision_mask_zero,,
EO_5o9Gup6g_128_36,test,vision_mask_zero,,
EO_5o9Gup6g_207_51,test,vision_mask_zero,,
EO_5o9Gup6g_66_55,test,vision_mask_zero,,
EO_SN04Xef0_0_0,train,audio_nonfinite_2,,
ERnYvxojeu0_125_057,train,vision_mask_zero,,
E_ocLuUw-1I_0_0,train,audio_nonfinite_2,,
Ea_Huc2-lwo_0_0,train,audio_nonfinite_2,,
EmmuWoCUgXs_176_78,valid,vision_mask_zero,,
EpadyoYlAjQ_0_0,train,audio_nonfinite_2,,
Ezn3p5FWF_U_51_005,valid,vision_mask_zero,,
Ezn3p5FWF_U_58_13,valid,vision_mask_zero,,
F2M7WbPXRps_31_27,train,vision_mask_zero,,
F2M7WbPXRps_70_012,train,vision_mask_zero,,
F6JV-K840EY_0_0,valid,audio_nonfinite_2,,
F8KE2ZhoUe4_130_086,train,vision_mask_zero,,
F8KE2ZhoUe4_137_41,train,vision_mask_zero,,
FB_b1dm0SRY_104_075,valid,vision_mask_zero,,
FB_b1dm0SRY_141_121,valid,vision_mask_zero,,
FHlzZ2VxuGQ_0_0,train,audio_nonfinite_2,,
FNbULlE9RKg_0_0,train,audio_nonfinite_2,,
FOMXt3lStco_0_0,train,audio_nonfinite_2,,
FSGL5K2EEdo_0_0,train,audio_nonfinite_2,,
F_YaG_pvZrA_53_29,test,vision_mask_zero,,
FaHosBIr0xY_66_061,train,vision_mask_zero,,
FfavRdRKsAQ_49_33,train,vision_mask_zero,,
FmE9BtTmxnE_0_0,train,audio_nonfinite_2,,
Fmwc7wkIc4Q_0_0,train,audio_nonfinite_2,,
FqEekswKPWE_0_0,test,audio_nonfinite_2,,
FsmNLTdE2p0_0_0,train,audio_nonfinite_2,,
FvoZgWvc3gc_40_39,train,vision_mask_zero,,
G1Z_JUTgZqo_0_0,train,audio_nonfinite_2,,
G1Z_JUTgZqo_23_14,train,vision_mask_zero,,
G38DwNDQ8Cc_0_0,train,audio_nonfinite_2,,
G38DwNDQ8Cc_157_43,train,vision_mask_zero,,
G38DwNDQ8Cc_167_93,train,vision_mask_zero,,
G38DwNDQ8Cc_66_38,train,vision_mask_zero,,
G3RPgs_7l3U_11_006,train,vision_mask_zero,,
G4HMKRdIva0_0_0,train,audio_nonfinite_2,,
G4HMKRdIva0_153_073,train,vision_mask_zero,,
G4HMKRdIva0_174_047,train,vision_mask_zero,,
G8aL3bM39co_131_063,train,vision_mask_zero,,
GAVpYuhMZAw_119_45,test,vision_mask_zero,,
GCOFujDHDx0_132_43,train,vision_mask_zero,,
GMa0cIAltnw_0_0,test,audio_nonfinite_2,,
GMjQUrlMa50_58_4,train,vision_mask_zero,,
GMnoxaqqReQ_145_9,train,vision_mask_zero,,
GNP0PFas12Y_124_0,test,vision_mask_zero,,
GOj7TBcEA8E_128_33,train,vision_mask_zero,,
GOj7TBcEA8E_48_8,train,vision_mask_zero,,
GSnt_fW8qjI_0_0,train,audio_nonfinite_2,,
Gc_zIjqqUys_0_0,test,audio_nonfinite_2,,
Gg9ZcRlwnbc_136_9,train,vision_mask_zero,,
Gg9ZcRlwnbc_23_009,train,vision_mask_zero,,
Gg9ZcRlwnbc_97_45,train,vision_mask_zero,,
GjCUDqWSI6c_0_0,train,audio_nonfinite_2,,
GkoBk5K-FH0_154_82,train,vision_mask_zero,,
GkoBk5K-FH0_220_081,train,vision_mask_zero,,
Gljee9uq_Rc_167_023,train,vision_mask_zero,,
GmpDbIstUdc_87_073,test,vision_mask_zero,,
GpRDC-S88dM_125_088,train,vision_mask_zero,,
GtRxTvuF6J0_0_0,train,audio_nonfinite_2,,
HAid0IEUoFQ_39_013,train,vision_mask_zero,,
HByf7qiO-Kg_0_61995464853,train,audio_nonfinite_2,,
HLFaW4oVP9E_0_0,train,audio_nonfinite_2,,
HMRqR-P68Ws_0_0,test,audio_nonfinite_2,,
HMRqR-P68Ws_118_039,test,vision_mask_zero,,
HMRqR-P68Ws_33_006,test,vision_mask_zero,,
HOCsiS0pmf0_30_532,train,audio_nonfinite_2,,
HOCsiS0pmf0_40_649,train,audio_nonfinite_2,,
HOCsiS0pmf0_64_914,train,audio_nonfinite_2,,
HOCsiS0pmf0_8_682,train,audio_nonfinite_2,,
HUH9BXVmAig_0_0,train,audio_nonfinite_2,,
HWLpH3NMtFs_0_0,train,audio_nonfinite_2,,
HWLpH3NMtFs_60_035,train,vision_mask_zero,,
H_x5O9GdknI_0_0,test,audio_nonfinite_2,,
HhpziYYP2Vg_144_095,train,vision_mask_zero,,
HhpziYYP2Vg_47_044,train,vision_mask_zero,,
Hkt_kncJGVM_0_0,train,audio_nonfinite_2,,
Hq3cHc6X8BM_0_0,test,audio_nonfinite_2,,
I--8nRKCkJI_0_0,train,audio_nonfinite_2,,
I--8nRKCkJI_47_046,train,vision_mask_zero,,
I3SPlbTGuNc_107_109,train,vision_mask_zero,,
IAubgwEiCcY_63_059,train,vision_mask_zero,,
IB0lGIxP8YY_0_0,train,audio_nonfinite_2,,
IB0lGIxP8YY_77_066,train,vision_mask_zero,,
IHp8hd1jm6k_150_77,test,vision_mask_zero,,
IHp8hd1jm6k_158_073,test,vision_mask_zero,,
IHp8hd1jm6k_205_017,test,vision_mask_zero,,
IHp8hd1jm6k_97_99,test,vision_mask_zero,,
IM6HW1HwHhM_55_056,valid,vision_mask_zero,,
IOpWjKAHG8Q_2_751,test,audio_nonfinite_4,,
IOpWjKAHG8Q_36_32,test,vision_mask_zero,,
IOpWjKAHG8Q_46_008,test,vision_mask_zero,,
IRSxo_XXArg_0_0,test,audio_nonfinite_2,,
ITQTVfk9Iqo_0_0,train,audio_nonfinite_2,,
ITQTVfk9Iqo_106_091,train,vision_mask_zero,,
IW7IssCKgmI_34_308571428571,train,audio_nonfinite_4,,
Iemw8vqt-54_0_0,test,audio_nonfinite_2,,
Iemw8vqt-54_105_053,test,vision_mask_zero,,
IgenXuE4qIM_0_0,train,audio_nonfinite_2,,
It6xg0WcqJ0_0_0,train,audio_nonfinite_2,,
IwQWibE8EOM_0_0,train,audio_nonfinite_2,,
Iz_PDdyXr-8_0_0,train,audio_nonfinite_2,,
J3-NEG8uoiE_119_6,train,vision_mask_zero,,
J3-NEG8uoiE_194_04,train,vision_mask_zero,,
J3-NEG8uoiE_203_45,train,vision_mask_zero,,
J7UduuBfnrE_34_21,train,vision_mask_zero,,
J7UduuBfnrE_40_002,train,vision_mask_zero,,
JATMzuV6sUE_0_0124716553288,test,audio_nonfinite_2,,
JAbFsRxxnFo_0_0,train,audio_nonfinite_2,,
JAnRCQ9A0vI_0_0,valid,audio_nonfinite_2,,
JDgqyOkzXHw_0_0,train,audio_nonfinite_2,,
JF-5nlUNx_g_144_095,train,vision_mask_zero,,
JHJOK6cdW-0_0_0,test,audio_nonfinite_2,,
JOK1SSmPtFw_66_49,valid,vision_mask_zero,,
JOK1SSmPtFw_83_034,valid,vision_mask_zero,,
JVpF99zuQhA_0_0,valid,audio_nonfinite_2,,
JWG_MUy7EWQ_0_0,train,audio_nonfinite_2,,
JX-mwjSw0dk_0_0,train,audio_nonfinite_2,,
JY-krIuEUm4_0_0,train,audio_nonfinite_2,,
JYdfUNjyYxo_18_6390022676,train,audio_nonfinite_4,,
JYsAacFmXEo_75_54,train,vision_mask_zero,,
Ja7phs8EbWk_46_007,train,vision_mask_zero,,
JdFaSggG58c_14_006,train,vision_mask_zero,,
Jz1oMq6l-ZM_0_0,test,audio_nonfinite_2,,
Jz1oMq6l-ZM_134_057,test,vision_mask_zero,,
Jz1oMq6l-ZM_83_2935,test,audio_nonfinite_4,,
K1VeXZxR24U_71_02,train,vision_mask_zero,,
K5cGfs3i-tk_146_33,train,vision_mask_zero,,
K5cGfs3i-tk_53_33,train,vision_mask_zero,,
K7KEtrgBkz4_86_086,train,vision_mask_zero,,
K8gp7ncdUl8_80_399,valid,audio_nonfinite_2,,
K9-KyChw8RM_0_0,train,audio_nonfinite_2,,
K9faaGel838_0_0,train,audio_nonfinite_2,,
KB5hSnV1emg_0_0,test,audio_nonfinite_2,,
KD0w4BrNXQg_0_0,train,audio_nonfinite_2,,
KDjl2exStlI_29_416,valid,audio_nonfinite_2,,
KDjl2exStlI_74_592,valid,audio_nonfinite_2,,
KEUVzxC7T3E_46_017,train,vision_mask_zero,,
KI2sU-mhM44_0_0,train,audio_nonfinite_2,,
KI2sU-mhM44_143_106,train,vision_mask_zero,,
KR4MpF0YtgE_0_0,train,audio_nonfinite_2,,
KUVGWCTT5DU_49_11,train,vision_mask_zero,,
K_5u2Wh_wGk_0_0124716553288,train,audio_nonfinite_2,,
K_K3wpxkRc8_0_0,train,audio_nonfinite_2,,
KanWhGY33Hk_70_012,test,vision_mask_zero,,
Kep_mLLXsqk_0_0,train,audio_nonfinite_2,,
KgXuILFtgJQ_62_41,train,vision_mask_zero,,
Kmtib-wZ0jM_0_0,train,audio_nonfinite_2,,
KpMCvUyQCXg_0_0,valid,audio_nonfinite_2,,
Kpe5fISxRTg_67_16,train,vision_mask_zero,,
KqFarHUGjSc_0_0,valid,audio_nonfinite_2,,
KrmVX-HANew_27_01,test,vision_mask_zero,,
Kyz32PTyP4I_65_06,test,vision_mask_zero,,
L0WUuWYNeCo_0_0,train,audio_nonfinite_2,,
L0WUuWYNeCo_126_51,train,vision_mask_zero,,
L0WUuWYNeCo_150_79,train,vision_mask_zero,,
L0WUuWYNeCo_170_026,train,vision_mask_zero,,
L0WUuWYNeCo_173_0045,train,vision_mask_zero,,
L1eFHRQGFeg_0_0,valid,audio_nonfinite_2,,
L2uC4_Co9uw_0_0,train,audio_nonfinite_2,,
L382XZ6iZmM_33_0362811791,train,audio_nonfinite_2,,
L8VjQM9HQfs_0_0,train,audio_nonfinite_1,,
LL02UFLfQKo_61_023,train,vision_mask_zero,,
LUf9vbe0TcQ_62_11,train,vision_mask_zero,,
LcfubBagG6Q_14_15,test,vision_mask_zero,,
LcfubBagG6Q_36_19,test,vision_mask_zero,,
LcfubBagG6Q_45_06,test,vision_mask_zero,,
LityRNuQihc_18_01,train,vision_mask_zero,,
LpTbjgELALo_5_04,test,vision_mask_zero,,
LpbSYaPRTqI_0_0124716553288,train,audio_nonfinite_2,,
LppEvM60-xo_64_046,train,vision_mask_zero,,
LtlL-03S79Q_38_011,test,vision_mask_zero,,
LtlL-03S79Q_58_029,test,vision_mask_zero,,
LyOq9mOEPuk_68_007,test,vision_mask_zero,,
M6HKUzJNlsE_0_0,test,audio_nonfinite_2,,
MCRCXXPqFOI_100_054,train,vision_mask_zero,,
MHyW857u_X8_111_009,test,vision_mask_zero,,
MHyW857u_X8_123_062,test,vision_mask_zero,,
MKShLlJ7X7g_5_05,train,vision_mask_zero,,
MMpo2bDk-DU_105_033,valid,vision_mask_zero,,
MOfEl_1dh-g_0_0,train,audio_nonfinite_2,,
MRU65o1odI4_0_0,train,audio_nonfinite_2,,
MSmTFZ_-THM_0_0,train,audio_nonfinite_2,,
MWCNzYUCys0_0_0,train,audio_nonfinite_2,,
MZoLQD83R-4_69_054,train,vision_mask_zero,,
MbpPBLUjpV4_0_0,train,audio_nonfinite_2,,
MbpPBLUjpV4_115_09,train,vision_mask_zero,,
MbpPBLUjpV4_92_79,train,vision_mask_zero,,
MoQmPA7Q07Q_0_0,valid,audio_nonfinite_2,,
MroQfGehC84_0_0,train,audio_nonfinite_2,,
N0d2JL7JC1s_0_0124716553288,test,audio_nonfinite_2,,
N0pKIn6VhOw_0_0,train,audio_nonfinite_2,,
N3vSaV8Ztrg_0_0,train,audio_nonfinite_2,,
NCJTV5KaJJc_44_7,train,vision_mask_zero,,
NDMAVMZyISM_1_03,train,vision_mask_zero,,
NG7QLq4XlWo_0_0,train,audio_nonfinite_2,,
NG7QLq4XlWo_106_53,train,vision_mask_zero,,
NG7QLq4XlWo_130_047,train,vision_mask_zero,,
NG7QLq4XlWo_133_115,train,vision_mask_zero,,
NIpuKcoJhGM_0_0,test,audio_nonfinite_2,,
NKindd5Xn3s_0_0,train,audio_nonfinite_2,,
NKindd5Xn3s_99_086,train,vision_mask_zero,,
NOGhjdK-rDI_0_0,test,audio_nonfinite_2,,
NOl0v54DaXo_26_012,train,vision_mask_zero,,
NOl0v54DaXo_38_006,train,vision_mask_zero,,
NVLPURuAVLU_12_004,test,vision_mask_zero,,
Nd55vByy2F8_27_1,train,vision_mask_zero,,
Nmd50Uzyybs_0_0,train,audio_nonfinite_2,,
NoOt0oU843M_31_5,test,vision_mask_zero,,
NocexkPXja8_110_82,test,vision_mask_zero,,
Nrurc5sMUOE_78_035,valid,vision_mask_zero,,
Ns_h5IVcZ9k_0_0,train,audio_nonfinite_2,,
Ns_h5IVcZ9k_20_016,train,vision_mask_zero,,
NuRvTWhELqs_0_0,train,audio_nonfinite_2,,
O2CEvvYWWbU_13_013,train,vision_mask_zero,,
O3whFU2lAAk_110_67,train,vision_mask_zero,,
OAV6KKf60bQ_36_27,train,vision_mask_zero,,
OEOkmrKvTUo_0_0,train,audio_nonfinite_2,,
OEesmAnTpeA_0_0,train,audio_nonfinite_2,,
OFBc3z99bIc_132_58,train,vision_mask_zero,,
OFBc3z99bIc_5_3,train,vision_mask_zero,,
OFia3dWgaoI_34_15,test,vision_mask_zero,,
OHWyYVux-yw_101_61,train,vision_mask_zero,,
OHWyYVux-yw_45_23,train,vision_mask_zero,,
OHWyYVux-yw_86_037,train,vision_mask_zero,,
OJwO6g01qO8_52_053,train,vision_mask_zero,,
OKJPFisBoPY_0_0,test,audio_nonfinite_2,,
OKSx1zxHGpQ_104_036,train,vision_mask_zero,,
OKSx1zxHGpQ_188_075,train,vision_mask_zero,,
OLP0nCKwU6k_51_045,valid,vision_mask_zero,,
OORklkFql3k_170_115,test,vision_mask_zero,,
OORklkFql3k_220_8,test,vision_mask_zero,,
OORklkFql3k_53_4,test,vision_mask_zero,,
OOh1_ffKOKk_54_029,train,vision_mask_zero,,
OPXmk49KyiU_0_0,train,audio_nonfinite_2,,
OUjzDchhkIA_0_0,train,audio_nonfinite_2,,
OWWHjP3pX9o_14_13,test,vision_mask_zero,,
Ob8vPQCPDX0_71_066,train,vision_mask_zero,,
OctOcfI4KSs_110_091,test,vision_mask_zero,,
Olx-sTx7HTk_0_0,train,audio_nonfinite_2,,
Op3CnqRLD9w_0_0,train,audio_nonfinite_2,,
OwE-7MwzfYI_0_0,valid,audio_nonfinite_2,,
PANWQeBKStk_0_0,train,audio_nonfinite_2,,
PGBrZLC15yA_0_0,train,audio_nonfinite_2,,
PGBrZLC15yA_40_16,train,vision_mask_zero,,
PHJ8eybXJdw_48_032,train,vision_mask_zero,,
PHZIx22aFhU_0_0124716553288,test,audio_nonfinite_2,,
PQYmOknHA4c_39_014,train,vision_mask_zero,,
PRZ4VhESz1A_0_0,train,audio_nonfinite_2,,
PYylJk8R9Ak_0_0,train,audio_nonfinite_2,,
Pbu6oAKFCvo_0_0,test,audio_nonfinite_2,,
PmemTgQHagk_0_0,train,audio_nonfinite_2,,
PoKZEKOf1dA_0_0,train,audio_nonfinite_2,,
PoKZEKOf1dA_29_0015,train,vision_mask_zero,,
PwapK9d8IGk_47_034,valid,vision_mask_zero,,
PyQrAYl1bFs_0_0,valid,audio_nonfinite_2,,
Q7OvlYjNt9w_0_0,train,audio_nonfinite_2,,
QDRtKv8PvFs_0_0,train,audio_nonfinite_2,,
QE0pAVSPsKQ_129_038,train,vision_mask_zero,,
QI-TTqj0KnA_47_32,train,vision_mask_zero,,
QIonRUsCqBs_0_0,test,audio_nonfinite_2,,
QLI-OnegxFM_75_61,test,vision_mask_zero,,
QNxiqu1y1N0_0_0,train,audio_nonfinite_2,,
QUpI5kMw_nA_120_098,train,vision_mask_zero,,
QWaUvAL-yiA_18_7,train,vision_mask_zero,,
QWll4lS1qqI_74_033,test,vision_mask_zero,,
QWzIJuhLLrc_0_0,train,audio_nonfinite_2,,
QYp0lGhyL6A_40_26,train,vision_mask_zero,,
Qfa1fY_07bQ_0_0,test,audio_nonfinite_2,,
Qfa1fY_07bQ_31_022,test,vision_mask_zero,,
R0uRDh-engU_64_056,train,vision_mask_zero,,
R8Kw_4Y9E0s_34_034,train,vision_mask_zero,,
R8leu0tEJ4o_111_1,train,vision_mask_zero,,
R8leu0tEJ4o_87_083,train,vision_mask_zero,,
R9ypacCuEZo_152_036,train,vision_mask_zero,,
RAiO_rChmdU_49_046,train,vision_mask_zero,,
RIAEgUKtzxw_14_01,train,vision_mask_zero,,
ROC2YI3tDsk_0_0,test,audio_nonfinite_2,,
RS5WM3q2ZZQ_0_0,train,audio_nonfinite_2,,
RST6PgpsLws_0_0124716553288,train,audio_nonfinite_2,,
RVC8l5hf2Eg_0_0,test,audio_nonfinite_2,,
RVC8l5hf2Eg_115_7,test,vision_mask_zero,,
RVC8l5hf2Eg_73_035,test,vision_mask_zero,,
Rdf0Psjyrwc_0_0,train,audio_nonfinite_2,,
RqOgkJbqFXg_40_31,train,vision_mask_zero,,
RrGpzInAwCg_0_0,valid,audio_nonfinite_2,,
Rt9rN1ntS3E_45_05,train,vision_mask_zero,,
Rt9rN1ntS3E_50_039,train,vision_mask_zero,,
RvmTZVNAAuQ_75_59,test,vision_mask_zero,,
RwcTz-tOIeo_0_0,train,audio_nonfinite_2,,
S21ApRNQ9Ko_0_0,train,audio_nonfinite_2,,
S2znq3iRPwE_0_0,train,audio_nonfinite_2,,
S2znq3iRPwE_78_054,train,vision_mask_zero,,
S2znq3iRPwE_97_75,train,vision_mask_zero,,
SD6wphlw72U_0_0,test,audio_nonfinite_2,,
SD6wphlw72U_27_08,test,vision_mask_zero,,
SH0OYx3fR7s_0_0,test,audio_nonfinite_2,,
SLi2gT5H6m8_0_0,train,audio_nonfinite_1,,
SLi2gT5H6m8_40_29,train,vision_mask_zero,,
SMzV26l6iA0_0_0,train,audio_nonfinite_2,,
SWHmteF5Rlk_27_13,train,vision_mask_zero,,
SWhfaL7AdEc_0_0,train,audio_nonfinite_2,,
SYQ_zv8dWng_0_0,test,audio_nonfinite_2,,
SYnygYs-fAg_64_027,train,vision_mask_zero,,
SaNXCez-9iQ_0_0124716553288,train,audio_nonfinite_2,,
Sb2xMPwNKPo_0_0,train,audio_nonfinite_2,,
ShgrdU9WAJE_145_92,train,vision_mask_zero,,
SqAiJrvHXNA_150_56,test,vision_mask_zero,,
SqAiJrvHXNA_174_127,test,vision_mask_zero,,
SqofxdeEcjg_62_11,test,vision_mask_zero,,
SqofxdeEcjg_94_068,test,vision_mask_zero,,
SrMN3rwvCsE_41_039,train,vision_mask_zero,,
SuIcJvERiFk_0_0124716553288,valid,audio_nonfinite_2,,
SuKnUzid-1g_0_0,train,audio_nonfinite_2,,
SwT0gh0V8fI_10_338,test,audio_nonfinite_2,,
SwT0gh0V8fI_135_016,test,vision_mask_zero,,
SwT0gh0V8fI_171_034,test,vision_mask_zero,,
T-8TvJcS78w_71_5,train,vision_mask_zero,,
T4e4Ba1sRg0_0_0,train,audio_nonfinite_2,,
TFKgo5JlPro_0_0,train,audio_nonfinite_2,,
TLPlduck5II_0_0,test,audio_nonfinite_1,,
TM7cHOHfF70_0_0,train,audio_nonfinite_2,,
TM7cHOHfF70_71_18,train,vision_mask_zero,,
TNwwVWA-oAE_0_0,train,audio_nonfinite_2,,
TNwwVWA-oAE_93_09,train,vision_mask_zero,,
TO5HjoK8Iu8_106_78,train,vision_mask_zero,,
TUY83eDK5jc_14_01,train,vision_mask_zero,,
TUzD45ghy4k_0_0,train,audio_nonfinite_2,,
TWf0XFpXwfs_0_0,train,audio_nonfinite_2,,
TXCXFYIc3Yo_0_0,valid,audio_nonfinite_2,,
TXiOSZdaLJ8_27_14,test,vision_mask_zero,,
TYJzg5IJN8o_0_0,valid,audio_nonfinite_2,,
TYJzg5IJN8o_75_57,valid,vision_mask_zero,,
Ta_IgA3XJ3s_110_82,train,vision_mask_zero,,
Ta_IgA3XJ3s_132_42,train,vision_mask_zero,,
Ta_IgA3XJ3s_94_058,train,vision_mask_zero,,
Tdw0fJt0lco_9_002,train,vision_mask_zero,,
TksWzxo81Mk_60_041,train,vision_mask_zero,,
Tpdqfpuumg4_0_0,valid,audio_nonfinite_2,,
Tpdqfpuumg4_84_29,valid,vision_mask_zero,,
TsfyeZ8hgwE_9_9,test,vision_mask_zero,,
TwTLsgfpKvA_84_01,train,vision_mask_zero,,
TxRtSItpGMo_0_0,test,audio_nonfinite_2,,
TxRtSItpGMo_15_905,test,audio_nonfinite_4,,
TxRtSItpGMo_27_569,test,audio_nonfinite_4,,
TxRtSItpGMo_38_584,test,audio_nonfinite_2,,
TxRtSItpGMo_46_656,test,audio_nonfinite_2,,
U6IqFbpM-VM_0_0,test,audio_nonfinite_2,,
UPghCarcnMc_0_0,train,audio_nonfinite_3,,
UPghCarcnMc_24_726,train,audio_nonfinite_2,,
UPghCarcnMc_32_249,train,audio_nonfinite_4,,
UPghCarcnMc_3_904,train,audio_nonfinite_5,,
UPghCarcnMc_40_1715,train,audio_nonfinite_4,,
UPghCarcnMc_9_501,train,audio_nonfinite_2,,
UTNP1roJV3I_27_01,train,vision_mask_zero,,
UUukBV82P9A_49_46,train,vision_mask_zero,,
UXvMaHD9kmA_21_015,train,vision_mask_zero,,
Ua4g9q0r-dI_104_035,train,vision_mask_zero,,
Ua4g9q0r-dI_136_022,train,vision_mask_zero,,
Uc-0G7RRxoY_71_17,train,vision_mask_zero,,
UgTM9y2rD38_0_0,train,audio_nonfinite_2,,
UiurP5k-f1A_36_0,test,vision_mask_zero,,
UmB5c_QqUPs_101_77,train,vision_mask_zero,,
UmB5c_QqUPs_138_089,train,vision_mask_zero,,
UmB5c_QqUPs_163_19,train,vision_mask_zero,,
V5lfNohNlEg_0_0,train,audio_nonfinite_2,,
VA6lVHlj5d0_0_0,train,audio_nonfinite_2,,
VA6lVHlj5d0_20_9,train,vision_mask_zero,,
VDjnKdFxuBE_0_0,train,audio_nonfinite_2,,
VN1IPN1TL3Q_0_0124716553288,train,audio_nonfinite_2,,
VS7xSvno7NA_53_26,test,vision_mask_zero,,
VXy21GwGs8o_0_0,test,audio_nonfinite_2,,
VcZffwwL0bw_16_569841269850002,train,audio_nonfinite_2,,
Vdf1McvE9ao_0_0,test,audio_nonfinite_2,,
Ve-mmCM8TI0_49_43,train,vision_mask_zero,,
Ve-mmCM8TI0_57_9,train,vision_mask_zero,,
Ve-mmCM8TI0_71_21,train,vision_mask_zero,,
VgqI1KRnDSw_0_0,train,audio_nonfinite_2,,
VhKJm_jiciU_89_15,train,vision_mask_zero,,
VinxKpWioTo_62_57,valid,vision_mask_zero,,
ViyQVpGW05w_21_06,valid,vision_mask_zero,,
Vlas-mPydcg_66_021,test,vision_mask_zero,,
VsXGwSZazwA_62_1,test,vision_mask_zero,,
Vv2DTPyyw90_0_0,train,audio_nonfinite_2,,
Vv2DTPyyw90_62_02,train,vision_mask_zero,,
VybXjsmsjAY_97_23,train,vision_mask_zero,,
W-q9bPlMIVI_18_7,train,vision_mask_zero,,
W-q9bPlMIVI_27_006,train,vision_mask_zero,,
W40BaML7mzc_0_0,train,audio_nonfinite_2,,
WANirpnKa4w_0_0,train,audio_nonfinite_2,,
WAXJRnJXmOA_0_0,train,audio_nonfinite_2,,
WBCRTcMJZZc_0_0,train,audio_nonfinite_2,,
WSjlhBDxNW8_0_0,train,audio_nonfinite_2,,
We5nTulz1Vs_0_0,train,audio_nonfinite_2,,
We5nTulz1Vs_47_046,train,vision_mask_zero,,
Wfn7XvSEwUA_43_025,train,vision_mask_zero,,
Wfn7XvSEwUA_50_039,train,vision_mask_zero,,
WgI8IbJtXHw_0_0,test,audio_nonfinite_2,,
Wmhif6hmPTQ_145_022,test,vision_mask_zero,,
Wnw1IAEDwDM_0_0,train,audio_nonfinite_2,,
WoL4fCxGd8Q_0_0,test,audio_nonfinite_2,,
WoL4fCxGd8Q_160_137,test,vision_mask_zero,,
WoL4fCxGd8Q_80_33,test,vision_mask_zero,,
Wx9nThz5z_Y_123_89,train,vision_mask_zero,,
X2Hs89fZ2-c_0_0,test,audio_nonfinite_2,,
X2Hs89fZ2-c_128_24,test,vision_mask_zero,,
X2Hs89fZ2-c_190_149,test,vision_mask_zero,,
X2Hs89fZ2-c_4_003,test,vision_mask_zero,,
X2leyjuolDM_75_32,train,vision_mask_zero,,
X6-jJO00DMg_0_0,train,audio_nonfinite_2,,
X6N7UEFJLNY_0_0,test,audio_nonfinite_2,,
XDVkhOziCkg_0_0,train,audio_nonfinite_2,,
XFJQJb0yaKY_0_0,train,audio_nonfinite_2,,
XLjpZUsFEXo_40_02,test,vision_mask_zero,,
XPoY4LD-A1I_11_3167800454,train,audio_nonfinite_4,,
XPoY4LD-A1I_18_1811791383,train,audio_nonfinite_2,,
XPoY4LD-A1I_50_6424036281,train,audio_nonfinite_2,,
XXvSLz8QmGk_57_042,train,vision_mask_zero,,
XadAy93f1P8_0_0,test,audio_nonfinite_2,,
XbkYA-iXUwA_47_041,test,vision_mask_zero,,
XblL7mcdDdg_0_0,train,audio_nonfinite_2,,
XblL7mcdDdg_111_049,train,vision_mask_zero,,
XblL7mcdDdg_79_78,train,vision_mask_zero,,
XcHLB-qfv5M_0_0,train,audio_nonfinite_2,,
XcHLB-qfv5M_27_02,train,vision_mask_zero,,
XgT2WWcXip4_0_0,train,audio_nonfinite_2,,
XlTYSOaZ_vM_0_0,test,audio_nonfinite_2,,
Xo6-V2RlWss_0_0,train,audio_nonfinite_2,,
Xq7zLxYHxd8_0_0,train,audio_nonfinite_2,,
Xq7zLxYHxd8_93_13,train,vision_mask_zero,,
XrNaL-MTjXg_75_31,test,vision_mask_zero,,
Y4izAQYtGEw_0_0,train,audio_nonfinite_2,,
Y7h-S3cJ52o_0_0,valid,audio_nonfinite_2,,
Y8dI1GTWCk4_3_44467120181,test,audio_nonfinite_2,,
Y9fvHRNz2Bs_97_37,train,vision_mask_zero,,
YITXOmhQhYE_142_009,train,vision_mask_zero,,
YITXOmhQhYE_146_37,train,vision_mask_zero,,
YQanVofsHoE_0_0,train,audio_nonfinite_2,,
YUNxD04EvfE_0_0124716553288,test,audio_nonfinite_2,,
YWjTWl0oNLk_53_28,train,vision_mask_zero,,
YWxvIFmYnNU_114_052,train,vision_mask_zero,,
YY2yjEEoB3U_1_7074829932,train,audio_nonfinite_2,,
YcJ5RJYUr7Y_106_69,train,vision_mask_zero,,
YcJ5RJYUr7Y_170_065,train,vision_mask_zero,,
YcJ5RJYUr7Y_27_16,train,vision_mask_zero,,
YcJ5RJYUr7Y_75_53,train,vision_mask_zero,,
YcJ5RJYUr7Y_92_85,train,vision_mask_zero,,
YfxtwXXkCmc_0_0,train,audio_nonfinite_2,,
YgyqX4aZ4tE_58_34,train,vision_mask_zero,,
YgyqX4aZ4tE_74_043,train,vision_mask_zero,,
Yi6Qyn4X8is_120_029,train,vision_mask_zero,,
Yi6Qyn4X8is_27_001,train,vision_mask_zero,,
Yn8vNC41UMg_162_113,train,vision_mask_zero,,
YqHEmUKUy-E_84_24,train,vision_mask_zero,,
YrPXbGBvqGo_0_0,train,audio_nonfinite_2,,
YsMM_1R1vtw_0_0,test,audio_nonfinite_2,,
Z-26eyME6Co_0_0,train,audio_nonfinite_2,,
Z-26eyME6Co_110_55,train,vision_mask_zero,,
ZKZ8UjaQQT4_44_42,test,vision_mask_zero,,
ZW4Oe_fKJM0_0_0,train,audio_nonfinite_2,,
ZW4Oe_fKJM0_36_36,train,vision_mask_zero,,
ZXHX_e6HCI0_0_0,train,audio_nonfinite_2,,
ZZ1IyZaMTWQ_0_0,train,audio_nonfinite_2,,
ZZ1IyZaMTWQ_57_012,train,vision_mask_zero,,
ZdX9sUd3bAI_42_027,train,vision_mask_zero,,
ZfQYEa2fHGo_0_0,train,audio_nonfinite_2,,
ZjsQqd6KZIg_45_0005,train,vision_mask_zero,,
ZltpfWh2aIw_0_0,train,audio_nonfinite_2,,
Zo8jCDGMWjw_0_0,train,audio_nonfinite_2,,
Zs8x712Y-CM_0_0,train,audio_nonfinite_2,,
ZtocGyL3Tfc_164_088,test,vision_mask_zero,,
ZznoGQVwTtw_24_04285714285,test,audio_nonfinite_2,,
_4K620KW_Is_50_038,train,vision_mask_zero,,
_4K620KW_Is_80_01,train,vision_mask_zero,,
_7HVhnSYX1Y_0_0,valid,audio_nonfinite_2,,
_7HVhnSYX1Y_154_57,valid,vision_mask_zero,,
_7HVhnSYX1Y_39_013,valid,vision_mask_zero,,
_8pvMpMdGM4_0_0,train,audio_nonfinite_2,,
_8pvMpMdGM4_194_75,train,vision_mask_zero,,
_8pvMpMdGM4_207_77,train,vision_mask_zero,,
_8pvMpMdGM4_47_016,train,vision_mask_zero,,
_8pvMpMdGM4_5_001,train,vision_mask_zero,,
_BvNNdEkhZA_0_0,valid,audio_nonfinite_2,,
_HabvL0VnrQ_64_006,train,vision_mask_zero,,
_HanACduNJk_27_359,train,audio_nonfinite_2,,
_HanACduNJk_46_452,train,audio_nonfinite_2,,
_HanACduNJk_53_102,train,audio_nonfinite_2,,
_HanACduNJk_69_505,train,audio_nonfinite_2,,
_HanACduNJk_87_164,train,audio_nonfinite_2,,
_UNQDdiAbWI_0_0,train,audio_nonfinite_2,,
_WA0HtVEe8U_0_0,test,audio_nonfinite_2,,
_bIJOxiIJFk_0_0,train,audio_nonfinite_2,,
_gr7o5ynhnw_57_033,valid,vision_mask_zero,,
_gr7o5ynhnw_62_49,valid,vision_mask_zero,,
_gzYkdjNvPc_53_24,valid,vision_mask_zero,,
_gzYkdjNvPc_71_22,valid,vision_mask_zero,,
_on_E-ZWy0I_124_24,test,vision_mask_zero,,
_on_E-ZWy0I_218_6955,test,audio_nonfinite_2,,
_on_E-ZWy0I_58_25,test,vision_mask_zero,,
_on_E-ZWy0I_75_9,test,vision_mask_zero,,
_q7DM8WkzAQ_137_12,test,vision_mask_zero,,
_qVgNLJCYdA_0_0,train,audio_nonfinite_2,,
_qVgNLJCYdA_58_039,train,vision_mask_zero,,
_tBaGXNwlp0_0_0,train,audio_nonfinite_2,,
_xjBqNfiEY4_0_0,train,audio_nonfinite_2,,
a-WihYDk6vc_0_0,valid,audio_nonfinite_2,,
a-WihYDk6vc_36_2,valid,vision_mask_zero,,
a4PHWxILDp0_111_7785,test,audio_nonfinite_2,,
a4PHWxILDp0_118_054,test,vision_mask_zero,,
a4PHWxILDp0_154_62,test,vision_mask_zero,,
a4PHWxILDp0_170_056,test,vision_mask_zero,,
a4PHWxILDp0_18_779,test,audio_nonfinite_2,,
a4PHWxILDp0_66_72,test,audio_nonfinite_2,,
a4vRa-_nuJw_0_0,train,audio_nonfinite_2,,
aDvgbBqTWWE_136_96,train,vision_mask_zero,,
aEaM_LOI-BM_0_0,train,audio_nonfinite_2,,
aEaM_LOI-BM_40_33,train,vision_mask_zero,,
aEaM_LOI-BM_68_028,train,vision_mask_zero,,
aFhT0px8AMw_0_0,train,audio_nonfinite_2,,
aFhc2ddipoM_0_0,valid,audio_nonfinite_2,,
aFhc2ddipoM_43_024,valid,vision_mask_zero,,
aFhc2ddipoM_75_54,valid,vision_mask_zero,,
aFjMWlR1QAY_35_013,train,vision_mask_zero,,
aIUF3QJJOF4_0_0,train,audio_nonfinite_2,,
aKPfbyW-Qxw_0_0,train,audio_nonfinite_2,,
aXla94xd_AQ_0_0,train,audio_nonfinite_2,,
aYdMtEO0cbI_12_005,train,vision_mask_zero,,
aZjCq_hv2Pk_53_6,train,vision_mask_zero,,
absh1hsZeF0_40_19,test,vision_mask_zero,,
afCsKTHteg4_0_0,train,audio_nonfinite_2,,
ahG9c_uaf8s_0_0,test,audio_nonfinite_2,,
ak7N0BqMluI_0_0,train,audio_nonfinite_2,,
ak7N0BqMluI_59_057,train,vision_mask_zero,,
amem5EmRG3s_35_6,train,vision_mask_zero,,
an_GzG40hcE_0_0,test,audio_nonfinite_2,,
assx_NKo-L8_129_088,train,vision_mask_zero,,
assx_NKo-L8_25_005,train,vision_mask_zero,,
assx_NKo-L8_82_6,train,vision_mask_zero,,
assx_NKo-L8_93_2,train,vision_mask_zero,,
auTpzciNgls_0_0,train,audio_nonfinite_2,,
avW2m6VHTyg_36_33,train,vision_mask_zero,,
b1LEcg6z66g_0_0,valid,audio_nonfinite_2,,
b1LEcg6z66g_106_38,valid,vision_mask_zero,,
b8xmgi4VV0M_97_24,train,vision_mask_zero,,
bAkUEnPoucg_0_0,valid,audio_nonfinite_2,,
bBJ0BxmIocQ_0_0,train,audio_nonfinite_2,,
bBJ0BxmIocQ_150_87,train,vision_mask_zero,,
bBJ0BxmIocQ_93_086,train,vision_mask_zero,,
bCDfIJ12oqM_0_0,train,audio_nonfinite_2,,
bD0FqMn1KXw_0_0,train,audio_nonfinite_2,,
bJI7-LnKPH4_40_11,train,vision_mask_zero,,
bU6CgE_kMRY_159_21,train,vision_mask_zero,,
bWmrrWQOVCM_13_6,test,vision_mask_zero,,
bWmrrWQOVCM_80_01,test,vision_mask_zero,,
babuyKl7EAw_0_0,train,audio_nonfinite_2,,
babuyKl7EAw_5_3,train,vision_mask_zero,,
bcns0Gu66D8_0_0,train,audio_nonfinite_1,,
bdFCD-3BCRg_130_026,test,vision_mask_zero,,
bdFCD-3BCRg_137_45,test,vision_mask_zero,,
bdFCD-3BCRg_45_1,test,vision_mask_zero,,
bdFCD-3BCRg_82_076,test,vision_mask_zero,,
bdtwQxwySN0_0_0,train,audio_nonfinite_2,,
bfy28AlY-TQ_98_019,train,vision_mask_zero,,
bhPB19tr-JY_0_0,train,audio_nonfinite_2,,
bhPB19tr-JY_53_001,train,vision_mask_zero,,
bj9e8w4vNxo_0_0,valid,audio_nonfinite_2,,
bnzVR2ETQQ8_37_037,test,vision_mask_zero,,
bzPFUVGPS3c_45_31,train,vision_mask_zero,,
c1a1y9ytHH0_0_0124716553288,valid,audio_nonfinite_2,,
c5VEvmutmVg_0_0,test,audio_nonfinite_2,,
c5VEvmutmVg_49_0015,test,vision_mask_zero,,
c5cB7AfVgcE_79_63,valid,vision_mask_zero,,
c805Td8A_Ek_123_98,train,vision_mask_zero,,
c805Td8A_Ek_65_063,train,vision_mask_zero,,
c805Td8A_Ek_75_072,train,vision_mask_zero,,
cEXJ2zFbC9I_64_056,train,vision_mask_zero,,
cHBRDdSXLtU_0_0,train,audio_nonfinite_2,,
cKxNJY7sA8s_0_0,train,audio_nonfinite_2,,
cMUS4nhcKCQ_0_0124716553288,train,audio_nonfinite_2,,
cMsTvqU_-rc_0_0,train,audio_nonfinite_2,,
cOcNe3L4VAg_0_0,train,audio_nonfinite_2,,
cOcNe3L4VAg_45_08,train,vision_mask_zero,,
cOcNe3L4VAg_58_18,train,vision_mask_zero,,
cR_KQlNhoNE_122_0105,train,vision_mask_zero,,
cSraseCDilY_0_0,train,audio_nonfinite_2,,
cX8FScpsfLE_0_0,test,audio_nonfinite_2,,
cfX_iuhCbRY_31_24,train,vision_mask_zero,,
cia8OM3Oe7Q_0_0,test,audio_nonfinite_2,,
cjgq9d8Zn9g_5_5,train,vision_mask_zero,,
cmJW6mkspkI_0_0,train,audio_nonfinite_2,,
cn0WZ8-0Z1Y_14_09,test,vision_mask_zero,,
cn0WZ8-0Z1Y_37_018,test,vision_mask_zero,,
ctMCSUT2LlQ_47_35,train,vision_mask_zero,,
d38u9n5GOLM_113_074,train,vision_mask_zero,,
d38u9n5GOLM_44_38,train,vision_mask_zero,,
d3I7Ug-_3L0_0_0,train,audio_nonfinite_2,,
d7Dz34-cZ74_0_0,train,audio_nonfinite_2,,
d7Dz34-cZ74_154_001,train,vision_mask_zero,,
d8BR6hsvzoY_36_1455,valid,audio_nonfinite_2,,
dBWvtPeHpWM_0_0,valid,audio_nonfinite_2,,
dBWvtPeHpWM_24_023,valid,vision_mask_zero,,
dCDAcBR505Q_114_062,train,vision_mask_zero,,
dCDAcBR505Q_73_045,train,vision_mask_zero,,
dDFyJp_OkeA_34_17,train,vision_mask_zero,,
dDFyJp_OkeA_38_026,train,vision_mask_zero,,
dDFyJp_OkeA_71_03,train,vision_mask_zero,,
dEBug0QYayY_0_0,train,audio_nonfinite_2,,
dEDbm2ubVRQ_0_0,valid,audio_nonfinite_2,,
dEDbm2ubVRQ_39_024,valid,vision_mask_zero,,
dEXSb0CfodU_4_002,train,vision_mask_zero,,
dHk--ExZbHs_0_0124716553288,test,audio_nonfinite_2,,
dLzsNc_hzkQ_0_0,train,audio_nonfinite_2,,
dR68gbeOWOc_0_939,test,audio_nonfinite_2,,
dSax_7klbfE_0_0,train,audio_nonfinite_2,,
dTcz1am1eUw_0_0,test,audio_nonfinite_2,,
dWfgSGnd9zM_0_0,train,audio_nonfinite_2,,
dWfgSGnd9zM_18_4,train,vision_mask_zero,,
dYyg91d7zjY_18_05,train,vision_mask_zero,,
dbH51F5Zqi4_0_0,train,audio_nonfinite_2,,
ddWHTdJz2O8_0_0,test,audio_nonfinite_2,,
ddix4XuaUlY_29_015,train,vision_mask_zero,,
dlE05KC95uk_22_7,test,vision_mask_zero,,
dlE05KC95uk_66_5,test,vision_mask_zero,,
dyZdiWNflko_23_1,train,vision_mask_zero,,
e1E5W_ZefmY_75_48,train,vision_mask_zero,,
e7_2U4lm6TE_101_97,train,vision_mask_zero,,
eD5cScqaf6c_26_002,test,vision_mask_zero,,
eFV7iFPYZB4_3_928571428575,test,audio_nonfinite_2,,
eKQKEi2-0Ws_0_0,test,audio_nonfinite_1,,
eOU_40p9RpA_0_0,train,audio_nonfinite_2,,
ePiz4zU6crI_0_0,train,audio_nonfinite_2,,
eSHOcLD5T58_31_007,train,vision_mask_zero,,
eTCnM472-cQ_0_0,train,audio_nonfinite_2,,
eTn2P4wmFr4_102_42,train,vision_mask_zero,,
eTn2P4wmFr4_117_035,train,vision_mask_zero,,
eUwbRLhV1vs_0_0,test,audio_nonfinite_2,,
eW1vgHE6FRM_0_0,train,audio_nonfinite_2,,
eW1vgHE6FRM_129_028,train,vision_mask_zero,,
eZVcshSUD3Q_0_0,train,audio_nonfinite_2,,
eaXDCknxPrU_0_0,train,audio_nonfinite_2,,
efLrpnuLwyU_0_0124716553288,train,audio_nonfinite_2,,
ejDe6hQWZOk_45_039,train,vision_mask_zero,,
ejDe6hQWZOk_5_2,train,vision_mask_zero,,
eo8L7lCTjDQ_0_0,train,audio_nonfinite_2,,
evAswZ6m3hg_44_39,valid,vision_mask_zero,,
f-ZNjqLlrm4_0_0,train,audio_nonfinite_2,,
f-ZNjqLlrm4_40_08,train,vision_mask_zero,,
f49boM5fb8U_0_0,train,audio_nonfinite_2,,
f6S2XNPIiFk_0_0,train,audio_nonfinite_2,,
f6S2XNPIiFk_115_01,train,vision_mask_zero,,
f6S2XNPIiFk_62_03,train,vision_mask_zero,,
fB816aeHRFk_0_0,train,audio_nonfinite_2,,
fT6SrlsWV7M_0_0,test,audio_nonfinite_2,,
fT6SrlsWV7M_106_091,test,vision_mask_zero,,
fT6SrlsWV7M_91_22,test,vision_mask_zero,,
fTKe7E_4OCQ_0_0124716553288,train,audio_nonfinite_2,,
fTNOAssiTYk_0_0,train,audio_nonfinite_2,,
fW1pK2L6RgM_112_098,train,vision_mask_zero,,
fW1pK2L6RgM_59_048,train,vision_mask_zero,,
fWOIAxzBQFY_104_404,valid,audio_nonfinite_4,,
fWOIAxzBQFY_126_554,valid,audio_nonfinite_2,,
fWOIAxzBQFY_137_838,valid,audio_nonfinite_2,,
fWOIAxzBQFY_175_732,valid,audio_nonfinite_2,,
fWOIAxzBQFY_70_371,valid,audio_nonfinite_4,,
faXGVcVcVsE_0_0,train,audio_nonfinite_2,,
faXGVcVcVsE_124_25,train,vision_mask_zero,,
fcxbB7ybUfs_119_36,test,vision_mask_zero,,
fcxbB7ybUfs_32_009,test,vision_mask_zero,,
fe2CWCpdTF8_0_0,valid,audio_nonfinite_2,,
fjE2EZKgQm8_31_017,train,vision_mask_zero,,
flBtk736di4_0_0,train,audio_nonfinite_2,,
fz-MzQcOBwQ_71_44,test,vision_mask_zero,,
g99kISQbyuI_48_032,train,vision_mask_zero,,
g9rNhtFG9aU_0_0,train,audio_nonfinite_2,,
gAMbkJk6gnE_45_2,train,vision_mask_zero,,
gFAOKuqpUq4_141_38,train,vision_mask_zero,,
gJdSxPhf85M_31_29,train,vision_mask_zero,,
gKojBrXHhUc_75_46,test,vision_mask_zero,,
gL8h7lOPv1Q_81_067,test,vision_mask_zero,,
gLdRUsLw4CA_56_09,train,vision_mask_zero,,
gR4gM_WXesQ_151_034,valid,vision_mask_zero,,
gR4gM_WXesQ_185_151,valid,vision_mask_zero,,
gXuiIWRxrw4_0_0,train,audio_nonfinite_2,,
gXuiIWRxrw4_135_41,train,vision_mask_zero,,
gXuiIWRxrw4_168_32,train,vision_mask_zero,,
gXuiIWRxrw4_183_007,train,vision_mask_zero,,
gXuiIWRxrw4_89_22,train,vision_mask_zero,,
gjEYmdWrBLM_0_3087301587199985,train,audio_nonfinite_2,,
gr8mzv2xZ2s_0_0,train,audio_nonfinite_2,,
guRD0zQC6Q0_0_0,train,audio_nonfinite_2,,
h4LrwMn94ss_0_0,train,audio_nonfinite_2,,
h4LrwMn94ss_97_4,train,vision_mask_zero,,
hE-sA5umuCk_50_048,test,vision_mask_zero,,
hF6kFQPdBjY_107_108,train,vision_mask_zero,,
hOp6I4jGvu4_5_05,train,vision_mask_zero,,
hOp6I4jGvu4_62_09,train,vision_mask_zero,,
hSgKOKK3L8M_0_0,train,audio_nonfinite_1,,
hUBQrLjm4M4_0_0,train,audio_nonfinite_2,,
hawztAtYHCE_78_065,train,vision_mask_zero,,
hdLC4Ro977Q_0_0,train,audio_nonfinite_2,,
hdLC4Ro977Q_50_008,train,vision_mask_zero,,
he475nnmMi0_0_0,train,audio_nonfinite_2,,
he475nnmMi0_163_48,train,vision_mask_zero,,
he475nnmMi0_188_044,train,vision_mask_zero,,
hfVXx8hfKak_0_0,train,audio_nonfinite_2,,
hfVXx8hfKak_129_018,train,vision_mask_zero,,
hjBQmIWiWgw_32_029,train,vision_mask_zero,,
hmjfBZGGZR8_0_0,train,audio_nonfinite_2,,
hntnelpiyl8_50_028,train,vision_mask_zero,,
hqzF4IDaIYE_50_009,valid,vision_mask_zero,,
huzEsVEJPaY_49_18,test,vision_mask_zero,,
hvfaYsv7p8E_0_0,valid,audio_nonfinite_2,,
hyazktfsZew_0_0,train,audio_nonfinite_2,,
hyazktfsZew_128_15,train,vision_mask_zero,,
hyazktfsZew_133_18,train,vision_mask_zero,,
hyazktfsZew_141_35,train,vision_mask_zero,,
hyazktfsZew_53_3,train,vision_mask_zero,,
hyazktfsZew_62_7,train,vision_mask_zero,,
i714Xt6eb1Y_0_0,train,audio_nonfinite_2,,
i714Xt6eb1Y_99_036,train,vision_mask_zero,,
iEOBNT0HFtU_0_0,train,audio_nonfinite_2,,
iEOBNT0HFtU_102_27,train,vision_mask_zero,,
iFj9wJaJSPE_101_85,train,vision_mask_zero,,
iFxFTtCQ6zA_9_001,test,vision_mask_zero,,
iH04VOkbof0_21_01,train,vision_mask_zero,,
iPPp6MCythU_0_0,test,audio_nonfinite_2,,
iPPp6MCythU_34_4045,test,audio_nonfinite_2,,
iPPp6MCythU_4_0885,test,audio_nonfinite_2,,
iPPp6MCythU_52_194,test,audio_nonfinite_4,,
iPPp6MCythU_82_913,test,audio_nonfinite_4,,
iS91daVpH2E_0_0,train,audio_nonfinite_2,,
iS91daVpH2E_21_961,train,audio_nonfinite_2,,
iS91daVpH2E_36_9785,train,audio_nonfinite_2,,
iS91daVpH2E_48_258,train,audio_nonfinite_2,,
iS91daVpH2E_85_377,train,audio_nonfinite_6,,
iUXqlrui25c_123_67,valid,vision_mask_zero,,
iUXqlrui25c_169_167,valid,vision_mask_zero,,
iUXqlrui25c_97_4,valid,vision_mask_zero,,
iWBx0CP9JqA_34_17,train,vision_mask_zero,,
iXiMifHNKPI_118_073,test,vision_mask_zero,,
iXiMifHNKPI_69_0055,test,vision_mask_zero,,
iXiMifHNKPI_82_47,test,vision_mask_zero,,
iYtD_ArCdKw_14_2,train,vision_mask_zero,,
iYtD_ArCdKw_39_004,train,vision_mask_zero,,
iYtD_ArCdKw_42_007,train,vision_mask_zero,,
iYtD_ArCdKw_66_0025,train,vision_mask_zero,,
iYtD_ArCdKw_84_48,train,vision_mask_zero,,
icIS9VfbzMw_103_097,train,vision_mask_zero,,
icIS9VfbzMw_45_13,train,vision_mask_zero,,
icIS9VfbzMw_75_072,train,vision_mask_zero,,
io85pRFj_dw_47_005,train,vision_mask_zero,,
ip8xwAr4MRE_26_012,valid,vision_mask_zero,,
izFBeXMTgds_145_82,train,vision_mask_zero,,
j1m6ctAgjsM_129_129,test,vision_mask_zero,,
j1m6ctAgjsM_132_112,test,vision_mask_zero,,
j1m6ctAgjsM_148_096,test,vision_mask_zero,,
j1m6ctAgjsM_160_159,test,vision_mask_zero,,
j1m6ctAgjsM_190_44,test,vision_mask_zero,,
j1m6ctAgjsM_213_128,test,vision_mask_zero,,
j1m6ctAgjsM_76_1,test,vision_mask_zero,,
j1m6ctAgjsM_93_091,test,vision_mask_zero,,
jFNgOznarMo_69_034,train,vision_mask_zero,,
jICmfLeFymA_71_56,valid,vision_mask_zero,,
jPf0LjZAS14_27_05,train,vision_mask_zero,,
jPrEKz1rAno_0_0,valid,audio_nonfinite_2,,
jPtaz1rN6lc_0_0124716553288,test,audio_nonfinite_2,,
jQ3EmbRIe58_73_065,train,vision_mask_zero,,
jXp595jj734_0_0,train,audio_nonfinite_2,,
jYT3-RQFy1U_107_098,train,vision_mask_zero,,
jZe-2w7pkd8_128_19,test,vision_mask_zero,,
jZe-2w7pkd8_96_063,test,vision_mask_zero,,
jbJF3aphcP0_0_0124716553288,train,audio_nonfinite_2,,
jcQi90n008o_102_42,train,vision_mask_zero,,
jcQi90n008o_113_38,train,vision_mask_zero,,
jhb6SV2dQzg_0_0,train,audio_nonfinite_2,,
jj8aSNPHMw8_0_0,test,audio_nonfinite_2,,
jj8aSNPHMw8_137_096,test,vision_mask_zero,,
jj8aSNPHMw8_167_88,test,vision_mask_zero,,
jj8aSNPHMw8_75_42,test,vision_mask_zero,,
jj8aSNPHMw8_84_83,test,vision_mask_zero,,
jqKzaEniiKo_0_0,train,audio_nonfinite_2,,
jqKzaEniiKo_88_38,train,vision_mask_zero,,
jscKL5jS-SQ_0_0,test,audio_nonfinite_2,,
jscKL5jS-SQ_103_057,test,vision_mask_zero,,
jscKL5jS-SQ_51_045,test,vision_mask_zero,,
jscKL5jS-SQ_80_02,test,vision_mask_zero,,
juI9KoLA87A_0_0,train,audio_nonfinite_2,,
jzNIU-w0MVo_117_035,train,vision_mask_zero,,
jzNIU-w0MVo_71_15,train,vision_mask_zero,,
jzNIU-w0MVo_84_8,train,vision_mask_zero,,
k5-3KuvCFms_0_0,train,audio_nonfinite_2,,
k5-3KuvCFms_36_02,train,vision_mask_zero,,
kCQqLNiO0mk_0_0,train,audio_nonfinite_2,,
kI6jzM_aLGs_10_089569161,test,audio_nonfinite_2,,
kKMfsWrigTE_0_0,train,audio_nonfinite_2,,
kKkZihSbxF4_40_33,train,vision_mask_zero,,
kM6wo2bb3nw_0_0,train,audio_nonfinite_2,,
kPch8YhNfPE_83_053,train,vision_mask_zero,,
kSooCdVTI6E_0_0,train,audio_nonfinite_2,,
kXiBdruxTvE_71_6,test,vision_mask_zero,,
kZfcQ4a0kx4_0_0,train,audio_nonfinite_2,,
kZfcQ4a0kx4_146_089,train,vision_mask_zero,,
kZfcQ4a0kx4_6_004,train,vision_mask_zero,,
kbGhEJ4W44o_0_0,valid,audio_nonfinite_2,,
kcIGTPHEsNo_177_069,train,vision_mask_zero,,
kfsO4c0Ekes_0_0,valid,audio_nonfinite_2,,
kh6eynD9OIk_36_031,train,vision_mask_zero,,
kiR5zVo2zvU_118_014,train,vision_mask_zero,,
kiR5zVo2zvU_133_18,train,vision_mask_zero,,
kiR5zVo2zvU_163_69,train,vision_mask_zero,,
kiR5zVo2zvU_174_027,train,vision_mask_zero,,
kiR5zVo2zvU_187_137,train,vision_mask_zero,,
kpS4BXif_Sw_128_076,test,vision_mask_zero,,
kwkhYpCHWPw_144_004,train,vision_mask_zero,,
kwkhYpCHWPw_49_32,train,vision_mask_zero,,
kwkhYpCHWPw_59_027,train,vision_mask_zero,,
kx544gnOZB0_0_0124716553288,train,audio_nonfinite_2,,
kzmaKnujN64_36_23,train,vision_mask_zero,,
l-nM_U1qpko_0_021,train,audio_nonfinite_2,,
l0vCKpk6Aes_54_039,test,vision_mask_zero,,
l5_DDqck4Rs_0_0,train,audio_nonfinite_2,,
lEsFI5YJGDo_0_0,train,audio_nonfinite_2,,
lEsFI5YJGDo_18_012,train,vision_mask_zero,,
lTfsqoo-jKg_24_017,train,vision_mask_zero,,
lTfsqoo-jKg_7_007,train,vision_mask_zero,,
lWvaIexY2WU_0_0,train,audio_nonfinite_2,,
lawHYX5eB20_32_607,valid,audio_nonfinite_6,,
laxadgca3Fo_0_0,train,audio_nonfinite_2,,
lilHOUfWrIA_0_0,valid,audio_nonfinite_2,,
lksy-At0vxc_36_029,train,vision_mask_zero,,
lp9vkkimXqg_126_021,train,vision_mask_zero,,
luQfWSfb1s0_0_0,train,audio_nonfinite_2,,
luQfWSfb1s0_24_008,train,vision_mask_zero,,
luQfWSfb1s0_58_46,train,vision_mask_zero,,
luQfWSfb1s0_88_002,train,vision_mask_zero,,
m-7yRWZLwLY_0_0,test,audio_nonfinite_2,,
m7SJs73SF8w_0_0,train,audio_nonfinite_2,,
mHGaQ_nv9UY_5_609,valid,audio_nonfinite_1,,
mI50zj8cTNw_0_0,train,audio_nonfinite_2,,
mKP6TVuixWg_151_128,train,vision_mask_zero,,
mLW-jn67gRE_114_313,valid,audio_nonfinite_2,,
mLW-jn67gRE_22_232,valid,audio_nonfinite_2,,
mMeGgB9-hSE_93_08,train,vision_mask_zero,,
mRqqH_gx7Q0_0_0,test,audio_nonfinite_2,,
mW8eL4e7Wrg_53_49,train,vision_mask_zero,,
mZ_8em_-CGc_44_7,test,vision_mask_zero,,
mgpoY1-110U_90_077,train,vision_mask_zero,,
mjQfQx2K__8_0_0,train,audio_nonfinite_2,,
mjQfQx2K__8_106_42,train,vision_mask_zero,,
mmg_eTDHjkk_108_93,test,vision_mask_zero,,
mmg_eTDHjkk_129_099,test,vision_mask_zero,,
mn8_HvzbN5c_0_0,train,audio_nonfinite_2,,
mrQIrm6hYMQ_0_0,train,audio_nonfinite_2,,
muOYAxkG-Zo_0_0,train,audio_nonfinite_2,,
muOYAxkG-Zo_50_044,train,vision_mask_zero,,
mud6tEqFiEM_36_031,train,vision_mask_zero,,
mw_ZwML0SbY_0_0,train,audio_nonfinite_2,,
mxFU6TrHChY_0_0,train,audio_nonfinite_2,,
mxFU6TrHChY_154_71,train,vision_mask_zero,,
mzAu5gxjE-w_0_0,test,audio_nonfinite_2,,
n-sgVVTE9Io_0_0,train,audio_nonfinite_2,,
n2BuwHbdilY_45_09,train,vision_mask_zero,,
n4xRx0J3rYQ_123_023,train,vision_mask_zero,,
n4xRx0J3rYQ_60_026,train,vision_mask_zero,,
n7K5SpMrQt0_75_38,train,vision_mask_zero,,
nF0AMbTH4VM_0_0,train,audio_nonfinite_2,,
nHP7l5zAwGA_130_89,train,vision_mask_zero,,
nISNBD3I95A_0_0,train,audio_nonfinite_2,,
nKiC9sEP2vM_0_0,train,audio_nonfinite_2,,
nKiC9sEP2vM_123_98,train,vision_mask_zero,,
nKiC9sEP2vM_206_093,train,vision_mask_zero,,
nNFDj9fRAqE_0_0,train,audio_nonfinite_2,,
nTBKtwqPIYw_53_012,train,vision_mask_zero,,
nTZSH0EwpnY_0_0,test,audio_nonfinite_2,,
nTZSH0EwpnY_144_14,test,vision_mask_zero,,
nTZSH0EwpnY_36_16,test,vision_mask_zero,,
naZi9AusrW4_31_33,test,vision_mask_zero,,
ngp7s5Wvde0_22_021,train,vision_mask_zero,,
ngp7s5Wvde0_95_075,train,vision_mask_zero,,
nhD9WSEIspQ_0_0,train,audio_nonfinite_2,,
nhD9WSEIspQ_106_3,train,vision_mask_zero,,
nhD9WSEIspQ_97_31,train,vision_mask_zero,,
niX_m3aMxhQ_0_0,train,audio_nonfinite_2,,
npIVLL_fTf0_0_0,train,audio_nonfinite_2,,
nw6Kf3AtCz4_100_0900226755,train,audio_nonfinite_2,,
nyzIL6YAonY_27_03,valid,vision_mask_zero,,
o1cRmT9qnOc_0_0,train,audio_nonfinite_2,,
o2XbNJDpOlc_95_85,test,vision_mask_zero,,
o7vcTMAX9fQ_0_0,train,audio_nonfinite_2,,
o8OZGBDPD8M_134_067,train,vision_mask_zero,,
oBS-IW-BO00_72_008,test,vision_mask_zero,,
oCsrnIomHos_225_02,train,vision_mask_zero,,
oHV99Y_EWfI_0_0,train,audio_nonfinite_2,,
oO61Ma17tRA_0_0,train,audio_nonfinite_2,,
oOhxCwkZsUI_0_0,train,audio_nonfinite_2,,
oPlnhc0DkcU_0_0,test,audio_nonfinite_2,,
oPvUDLhTrjI_0_0,train,audio_nonfinite_2,,
oVqBUyKvgdU_0_0,train,audio_nonfinite_2,,
oWAyEzyp2xQ_64_002,train,vision_mask_zero,,
oWAyEzyp2xQ_88_8,train,vision_mask_zero,,
oZkWWCQw2Js_0_0,train,audio_nonfinite_2,,
oZkWWCQw2Js_106_71,train,vision_mask_zero,,
oaC1UATdtAg_36_33,train,vision_mask_zero,,
obGF3RfWQKE_140_073,test,vision_mask_zero,,
oecQ9yDtfx0_0_0,train,audio_nonfinite_2,,
olVQZV_1rdA_0_0,train,audio_nonfinite_2,,
omBcvw7izuM_0_0,train,audio_nonfinite_2,,
omBcvw7izuM_142_078,train,vision_mask_zero,,
omBcvw7izuM_179_45,train,vision_mask_zero,,
omBcvw7izuM_191_147,train,vision_mask_zero,,
omBcvw7izuM_198_041,train,vision_mask_zero,,
omBcvw7izuM_203_071,train,vision_mask_zero,,
omHQ68k50XY_106_27,train,vision_mask_zero,,
omHQ68k50XY_71_08,train,vision_mask_zero,,
ouhCx4TgHlE_0_0,train,audio_nonfinite_2,,
owT0_Xfu8a0_0_0,train,audio_nonfinite_2,,
oyHKiX5YGDE_181_53,train,vision_mask_zero,,
p19Hsjx2xgI_87_014,train,vision_mask_zero,,
p5LEk2u8tXk_57_7,train,vision_mask_zero,,
p7zuPEZgtY4_53_47,test,vision_mask_zero,,
pDRdCSIyjkA_0_0,test,audio_nonfinite_2,,
pFh-SLxltms_106_19,train,vision_mask_zero,,
pFh-SLxltms_122_26,train,vision_mask_zero,,
pFh-SLxltms_130_067,train,vision_mask_zero,,
pFh-SLxltms_141_41,train,vision_mask_zero,,
pFh-SLxltms_71_22,train,vision_mask_zero,,
pIaEcqnzI-s_40_29,test,vision_mask_zero,,
pKXaKinzTmY_58_0,train,vision_mask_zero,,
pQpy7RSfWzM_0_0,test,audio_nonfinite_2,,
pQpy7RSfWzM_23_08,test,vision_mask_zero,,
pRdxEaLB8r4_37_386,valid,audio_nonfinite_2,,
pSxte-ms0t8_206_014,test,vision_mask_zero,,
pU-MjERGTUk_72_048,train,vision_mask_zero,,
pY4ovojS4rk_0_0,train,audio_nonfinite_2,,
pZye4zFzk3o_45_3,test,vision_mask_zero,,
pbFwuNCQlH8_41_4571428571,train,audio_nonfinite_2,,
pf-78LF4ORE_106_28,train,vision_mask_zero,,
pf-78LF4ORE_137_11,train,vision_mask_zero,,
pf-78LF4ORE_154_151,train,vision_mask_zero,,
pf-78LF4ORE_170_41,train,vision_mask_zero,,
pfCPogxnUfw_106_58,train,vision_mask_zero,,
pfCPogxnUfw_123_99,train,vision_mask_zero,,
pnSRLB6anIM_0_0,train,audio_nonfinite_2,,
pu1C7tmYHxI_0_0,train,audio_nonfinite_2,,
puum3vabpb4_96_023,train,vision_mask_zero,,
pvIQWWiT4-0_0_0,test,audio_nonfinite_2,,
pvlmYjQdRmA_0_0,train,audio_nonfinite_2,,
pzUplbeH_fg_0_0,train,audio_nonfinite_2,,
q1_knonj0Lw_0_0,train,audio_nonfinite_2,,
q1_knonj0Lw_84_52,train,vision_mask_zero,,
q3QUybiOYeU_0_0,train,audio_nonfinite_2,,
q9yDL81QppI_0_0,valid,audio_nonfinite_2,,
qDIh6YNbIMU_45_04,train,vision_mask_zero,,
qDIh6YNbIMU_47_22,train,vision_mask_zero,,
qEkFReBuwxc_118_063,train,vision_mask_zero,,
qEkFReBuwxc_28_008,train,vision_mask_zero,,
qFppeQvdfxI_52_034,train,vision_mask_zero,,
qJh6x4wmmh8_0_0,train,audio_nonfinite_2,,
qJh6x4wmmh8_14_32,train,audio_nonfinite_2,,
qK77ZmbqmOM_0_0,valid,audio_nonfinite_2,,
qTkazqluJ_I_112_067,test,vision_mask_zero,,
qTkazqluJ_I_95_72,test,vision_mask_zero,,
qbIajpM7U3Y_22_7,train,vision_mask_zero,,
qd6YuFGcBGk_0_0,train,audio_nonfinite_2,,
qjMyjLSORY4_116_009,train,vision_mask_zero,,
qjMyjLSORY4_132_131,train,vision_mask_zero,,
qlDT-bmIzQI_0_0,train,audio_nonfinite_2,,
qlDT-bmIzQI_58_23,train,vision_mask_zero,,
qrSW93EtuMc_0_0,train,audio_nonfinite_2,,
qrSW93EtuMc_27_13,train,vision_mask_zero,,
qszy_WSRFUM_0_0,train,audio_nonfinite_2,,
qszy_WSRFUM_40_36,train,vision_mask_zero,,
r13W4H8ZhqI_84_49,valid,vision_mask_zero,,
r1erb5PSm1A_0_0,train,audio_nonfinite_2,,
r1erb5PSm1A_5_001,train,vision_mask_zero,,
r46amqjpWgg_139_126,test,vision_mask_zero,,
r46amqjpWgg_159_071,test,vision_mask_zero,,
r46amqjpWgg_192_166,test,vision_mask_zero,,
r46amqjpWgg_66_042,test,vision_mask_zero,,
r91csZc6AXE_0_0,valid,audio_nonfinite_2,,
rApOTQgFW6Y_53_51,train,vision_mask_zero,,
rBWeo_rEdcU_124_35,train,vision_mask_zero,,
rBWeo_rEdcU_134_117,train,vision_mask_zero,,
rBWeo_rEdcU_148_106,train,vision_mask_zero,,
rBWeo_rEdcU_176_031,train,vision_mask_zero,,
rC29Qub0U7A_0_0,test,audio_nonfinite_2,,
rCQYq4T8SEI_0_0,train,audio_nonfinite_2,,
rEWQW_ibDwg_136_81,train,vision_mask_zero,,
rLHJ_ebXCHQ_49_38,train,vision_mask_zero,,
rNXM3avNBKk_88_011,train,vision_mask_zero,,
rWjPSlzUc-8_0_0,train,audio_nonfinite_2,,
raQ9Pcgo-II_0_0,train,audio_nonfinite_2,,
rf0yDSeVEUA_0_0124716553288,valid,audio_nonfinite_2,,
rhQB8e999-Q_0_0,test,audio_nonfinite_2,,
rhQB8e999-Q_27_19,test,vision_mask_zero,,
rhQB8e999-Q_34_06,test,vision_mask_zero,,
rojyUp4FPSg_119_002,valid,vision_mask_zero,,
rojyUp4FPSg_145_113,valid,vision_mask_zero,,
rojyUp4FPSg_150_8,valid,vision_mask_zero,,
rojyUp4FPSg_159_65,valid,vision_mask_zero,,
rojyUp4FPSg_189_103,valid,vision_mask_zero,,
rojyUp4FPSg_203_51,valid,vision_mask_zero,,
rojyUp4FPSg_210_145,valid,vision_mask_zero,,
rojyUp4FPSg_218_037,valid,vision_mask_zero,,
rojyUp4FPSg_46_038,valid,vision_mask_zero,,
rojyUp4FPSg_77_017,valid,vision_mask_zero,,
rojyUp4FPSg_87_005,valid,vision_mask_zero,,
rwNlqh0k1j4_123_6,valid,vision_mask_zero,,
rwNlqh0k1j4_92_082,valid,vision_mask_zero,,
rz4Ax6xfZHQ_40_03,train,vision_mask_zero,,
s1Yo_MCiMPc_119_42,train,vision_mask_zero,,
s1Yo_MCiMPc_46_037,train,vision_mask_zero,,
s1Yo_MCiMPc_93_03,train,vision_mask_zero,,
s1tVE8g6JBc_0_0,train,audio_nonfinite_2,,
sC16n1k66io_102_049,valid,vision_mask_zero,,
sC1NvtirijU_0_0,train,audio_nonfinite_2,,
sC1NvtirijU_190_47,train,vision_mask_zero,,
sIGAq2J4KKI_0_0,train,audio_nonfinite_2,,
sMnbpyFqrlE_40_1,train,vision_mask_zero,,
sMnbpyFqrlE_45_1,train,vision_mask_zero,,
sRex0-9yFFc_0_0,train,audio_nonfinite_2,,
sRex0-9yFFc_37_017,train,vision_mask_zero,,
sU40irMa-so_0_0,train,audio_nonfinite_2,,
sWsDAG6x9n0_0_0,train,audio_nonfinite_2,,
sfaWfZ2-4c0_27_08,test,vision_mask_zero,,
sjoArVtU8-o_47_36,train,vision_mask_zero,,
ssH8WQF4eN0_0_0,train,audio_nonfinite_2,,
ssqiwP19JhM_92_88,valid,vision_mask_zero,,
szic2IB9HB4_18_4,valid,vision_mask_zero,,
t7a3zECpT4k_93_17,train,vision_mask_zero,,
tL8RzwWSmAE_0_0,train,audio_nonfinite_2,,
tRSPfPlNbMU_124_119,train,vision_mask_zero,,
tXQpm-nKxNA_0_0,valid,audio_nonfinite_2,,
tXxf6-CilNI_0_0,train,audio_nonfinite_2,,
tXxf6-CilNI_128_2,train,vision_mask_zero,,
tnWmVXZ87h0_0_0,test,audio_nonfinite_2,,
tnWmVXZ87h0_44_46,test,vision_mask_zero,,
trQLgl6ncmk_31_25,train,vision_mask_zero,,
trQLgl6ncmk_80_16,train,vision_mask_zero,,
ttfaZ8IIWCo_0_0,test,audio_nonfinite_2,,
ttfaZ8IIWCo_22_002,test,vision_mask_zero,,
tv8IhQZQuJI_0_0,train,audio_nonfinite_2,,
tv8IhQZQuJI_136_84,train,vision_mask_zero,,
tvE_DucE0_k_0_0,train,audio_nonfinite_2,,
txjqbr6FoZs_80_3,train,vision_mask_zero,,
u6PL_7Z9QlU_0_0,valid,audio_nonfinite_2,,
u6PL_7Z9QlU_8_009,valid,vision_mask_zero,,
u8ViR4L2cVk_0_0,train,audio_nonfinite_2,,
uAExKaLeOl8_0_0,train,audio_nonfinite_2,,
uAExKaLeOl8_150_26,train,vision_mask_zero,,
uITHY4LORDs_0_0,train,audio_nonfinite_2,,
uWW1ejwFURI_0_0,train,audio_nonfinite_2,,
uXYAfpQUYVE_131_083,train,vision_mask_zero,,
uXYAfpQUYVE_181_56,train,vision_mask_zero,,
uXYAfpQUYVE_70_002,train,vision_mask_zero,,
ueCWy7aTmyo_42_027,train,vision_mask_zero,,
um8WVjZMLUc_0_0,test,audio_nonfinite_2,,
um8WVjZMLUc_10_0,test,vision_mask_zero,,
unOeTDc2rlY_0_0,test,audio_nonfinite_2,,
unOeTDc2rlY_119_48,test,vision_mask_zero,,
unOeTDc2rlY_212_0205,test,vision_mask_zero,,
unOeTDc2rlY_84_1,test,vision_mask_zero,,
uooIiW6dEyg_0_021,valid,audio_nonfinite_2,,
uyOrVTq8Tjk_0_0,train,audio_nonfinite_2,,
v2DFe9X-jCY_141_58,train,vision_mask_zero,,
v2Rr-EsJda8_12_1,valid,vision_mask_zero,,
v2Rr-EsJda8_16_005,valid,vision_mask_zero,,
v5AAvrZuR2U_13_9,train,vision_mask_zero,,
v9GshyXtiWg_49_03,train,vision_mask_zero,,
vGxqVh_kJdo_0_0,test,audio_nonfinite_2,,
vHzbn_YW76s_14_011,valid,vision_mask_zero,,
vJDDEuE-FlY_31_011,test,vision_mask_zero,,
vR90Pdx9wxs_25_15,test,vision_mask_zero,,
vR90Pdx9wxs_50_985,test,audio_nonfinite_2,,
vRydHjRzDX0_0_0,train,audio_nonfinite_2,,
vRydHjRzDX0_45_06,train,vision_mask_zero,,
vYOr36tdcpc_0_0,train,audio_nonfinite_2,,
vYOr36tdcpc_10_09,train,vision_mask_zero,,
vbVLgaP5IYU_0_0,train,audio_nonfinite_2,,
veA6ECsGFxI_0_0,test,audio_nonfinite_2,,
vo_JbAFAD68_0_0124716553288,valid,audio_nonfinite_2,,
vop7tN_K64I_75_56,train,vision_mask_zero,,
vop7tN_K64I_98_009,train,vision_mask_zero,,
vqBRkjHWjXM_36_01,train,vision_mask_zero,,
w44JDB1NmqM_0_0,train,audio_nonfinite_2,,
wC_1M7KIv9s_141_29,test,vision_mask_zero,,
wC_1M7KIv9s_55_017,test,vision_mask_zero,,
wCbQxI_-GKU_0_0,train,audio_nonfinite_2,,
wF8980oGklk_145_133,valid,vision_mask_zero,,
wF8980oGklk_178_117,valid,vision_mask_zero,,
wF8980oGklk_58_43,valid,vision_mask_zero,,
wLj_gnNON7A_118_029,train,vision_mask_zero,,
wLj_gnNON7A_94_084,train,vision_mask_zero,,
wLrgvSYLPUI_66_38,train,vision_mask_zero,,
wO8fUOC4OSE_0_0124716553288,test,audio_nonfinite_2,,
wR3zalLV_6c_137_18,train,vision_mask_zero,,
wRKVNiABc0w_0_0,train,audio_nonfinite_2,,
w_qYZSVx2dM_49_36,train,vision_mask_zero,,
wgCSuviySwg_0_0,train,audio_nonfinite_2,,
wlrb0HyIs-Q_0_0124716553288,train,audio_nonfinite_2,,
wrQVnClcNPM_27_006,train,vision_mask_zero,,
wrQVnClcNPM_38_036,train,vision_mask_zero,,
wrQVnClcNPM_45_03,train,vision_mask_zero,,
wvLEIxt-_V0_0_0,valid,audio_nonfinite_2,,
wvMA0r3esw8_32_11,train,vision_mask_zero,,
x266rUJQC_8_0_0,test,audio_nonfinite_2,,
x92920ole0w_0_0,train,audio_nonfinite_2,,
xAApNMTj3as_0_0,train,audio_nonfinite_2,,
xP81rX2ATLI_0_0,train,audio_nonfinite_2,,
xSCvspXYU9k_0_0,test,audio_nonfinite_2,,
xTBBDx3DkXQ_0_0,train,audio_nonfinite_2,,
xTBBDx3DkXQ_67_05,train,vision_mask_zero,,
xYtNgq9eTlg_0_0,train,audio_nonfinite_2,,
xZ1FrxU6hcg_0_0,train,audio_nonfinite_2,,
xaSf1d13WoY_107_059,train,vision_mask_zero,,
xaSf1d13WoY_55_026,train,vision_mask_zero,,
xfP0bm6Z-7E_53_5,train,vision_mask_zero,,
xfeASyC6PPg_0_0,train,audio_nonfinite_2,,
xge9aYTxxOA_0_0,train,audio_nonfinite_2,,
xiRUWSUrGSg_0_0,train,audio_nonfinite_2,,
xivYoEUQ5sk_41_039,valid,vision_mask_zero,,
xmLJHru6Z1M_75_49,test,vision_mask_zero,,
xn9_4n4NpEw_0_0,train,audio_nonfinite_2,,
xn9_4n4NpEw_37_027,train,vision_mask_zero,,
xqcqieV0Rn8_31_29,train,vision_mask_zero,,
xwNQ7QuXaps_138_098,train,vision_mask_zero,,
xwNQ7QuXaps_85_018,train,vision_mask_zero,,
xwvSYhQrHoA_0_0,test,audio_nonfinite_2,,
xyOa9ivNrg4_0_0,train,audio_nonfinite_2,,
y1gL_MuokI8_0_0,train,audio_nonfinite_2,,
y3r2kk8zvl0_0_0,test,audio_nonfinite_2,,
y3r2kk8zvl0_119_081,test,vision_mask_zero,,
y3r2kk8zvl0_137_47,test,vision_mask_zero,,
y3r2kk8zvl0_71_65,test,vision_mask_zero,,
y8HXGm1-Ecw_40_32,valid,vision_mask_zero,,
yBGuxyO-ElM_40_35,train,vision_mask_zero,,
yDIFWzOBjXc_143_056,train,vision_mask_zero,,
yEtfjJOMMCs_151_098,train,vision_mask_zero,,
yHtR71rx16I_0_0,train,audio_nonfinite_2,,
yLo-Jl8nBXU_0_0,test,audio_nonfinite_2,,
ySfHPyaDbqY_42_9,train,vision_mask_zero,,
yUqNp-poh9M_85_049,test,vision_mask_zero,,
ybK5wRaaUyE_0_0,test,audio_nonfinite_2,,
ydzNAuqUAnc_0_051247165533,test,audio_nonfinite_2,,
ygb8Cfxghbs_0_0,train,audio_nonfinite_2,,
ygb8Cfxghbs_63_019,train,vision_mask_zero,,
ygb8Cfxghbs_93_0,train,vision_mask_zero,,
ymPQOY2O_nw_0_0,train,audio_nonfinite_2,,
yoDMh8FlHR8_0_0,test,audio_nonfinite_2,,
yzCHa2qchpg_0_0,test,audio_nonfinite_2,,
z0y1ZxH1f74_27_02,test,vision_mask_zero,,
z0y1ZxH1f74_47_19,test,vision_mask_zero,,
z0y1ZxH1f74_56_034,test,vision_mask_zero,,
z441aDJvAcU_22_5,test,vision_mask_zero,,
z441aDJvAcU_48_022,test,vision_mask_zero,,
z8bWG2z-bMM_0_0,train,audio_nonfinite_2,,
z8bWG2z-bMM_42_012,train,vision_mask_zero,,
zFuRNvfC4So_98_029,train,vision_mask_zero,,
zJWmmDk9fCE_0_0,train,audio_nonfinite_2,,
zR62DCEMWgs_0_0,train,audio_nonfinite_2,,
zR62DCEMWgs_39_013,train,vision_mask_zero,,
zU2_X9lIcUM_0_0,train,audio_nonfinite_2,,
zaTyjiyrHnk_22_4,train,vision_mask_zero,,
zcG0ms7CdBE_0_0,train,audio_nonfinite_2,,
zeQKU2L173M_112_047,train,vision_mask_zero,,
zeQKU2L173M_117_075,train,vision_mask_zero,,
zfZUOvZZTuk_0_0,test,audio_nonfinite_2,,
zjYEBwXGD8I_109_005,valid,vision_mask_zero,,
zqkawTdHN5s_0_0,train,audio_nonfinite_2,,
zrFZAofNGi4_75_011,train,vision_mask_zero,,
zwRBZisdpQ0_0_0,train,audio_nonfinite_2,,
