sample_id,split
03bSnISJMiM_1,train
03bSnISJMiM_10,train
03bSnISJMiM_11,train
03bSnISJMiM_12,train
03bSnISJMiM_13,train
03bSnISJMiM_2,train
03bSnISJMiM_3,train
03bSnISJMiM_4,train
03bSnISJMiM_5,train
03bSnISJMiM_6,train
03bSnISJMiM_7,train
03bSnISJMiM_8,train
03bSnISJMiM_9,train
0h-zjBukYpk_1,train
0h-zjBukYpk_10,train
0h-zjBukYpk_11,train
0h-zjBukYpk_12,train
0h-zjBukYpk_13,train
0h-zjBukYpk_14,train
0h-zjBukYpk_15,train
0h-zjBukYpk_16,train
0h-zjBukYpk_17,train
0h-zjBukYpk_18,train
0h-zjBukYpk_19,train
0h-zjBukYpk_2,train
0h-zjBukYpk_20,train
0h-zjBukYpk_21,train
0h-zjBukYpk_22,train
0h-zjBukYpk_23,train
0h-zjBukYpk_24,train
0h-zjBukYpk_25,train
0h-zjBukYpk_3,train
0h-zjBukYpk_4,train
0h-zjBukYpk_5,train
0h-zjBukYpk_6,train
0h-zjBukYpk_7,train
0h-zjBukYpk_8,train
0h-zjBukYpk_9,train
1DmNV9C1hbY_1,train
1DmNV9C1hbY_10,train
1DmNV9C1hbY_11,train
1DmNV9C1hbY_12,train
1DmNV9C1hbY_13,train
1DmNV9C1hbY_14,train
1DmNV9C1hbY_2,train
1DmNV9C1hbY_3,train
1DmNV9C1hbY_4,train
1DmNV9C1hbY_5,train
1DmNV9C1hbY_6,train
1DmNV9C1hbY_7,train
1DmNV9C1hbY_8,train
1DmNV9C1hbY_9,train
1iG0909rllw_1,train
1iG0909rllw_10,train
1iG0909rllw_11,train
1iG0909rllw_12,train
1iG0909rllw_13,train
1iG0909rllw_14,train
1iG0909rllw_15,train
1iG0909rllw_16,train
1iG0909rllw_17,train
1iG0909rllw_18,train
1iG0909rllw_19,train
1iG0909rllw_2,train
1iG0909rllw_20,train
1iG0909rllw_21,train
1iG0909rllw_22,train
1iG0909rllw_23,train
1iG0909rllw_24,train
1iG0909rllw_25,train
1iG0909rllw_26,train
1iG0909rllw_27,train
1iG0909rllw_28,train
1iG0909rllw_29,train
1iG0909rllw_3,train
1iG0909rllw_30,train
1iG0909rllw_4,train
1iG0909rllw_5,train
1iG0909rllw_6,train
1iG0909rllw_7,train
1iG0909rllw_8,train
1iG0909rllw_9,train
2WGyTLYerpo_1,train
2WGyTLYerpo_10,train
2WGyTLYerpo_11,train
2WGyTLYerpo_12,train
2WGyTLYerpo_13,train
2WGyTLYerpo_14,train
2WGyTLYerpo_15,train
2WGyTLYerpo_16,train
2WGyTLYerpo_17,train
2WGyTLYerpo_18,train
2WGyTLYerpo_19,train
2WGyTLYerpo_2,train
2WGyTLYerpo_20,train
2WGyTLYerpo_21,train
2WGyTLYerpo_22,train
2WGyTLYerpo_23,train
2WGyTLYerpo_24,train
2WGyTLYerpo_25,train
2WGyTLYerpo_26,train
2WGyTLYerpo_27,train
2WGyTLYerpo_28,train
2WGyTLYerpo_29,train
2WGyTLYerpo_3,train
2WGyTLYerpo_30,train
2WGyTLYerpo_31,train
2WGyTLYerpo_32,train
2WGyTLYerpo_33,train
2WGyTLYerpo_34,train
2WGyTLYerpo_35,train
2WGyTLYerpo_36,train
2WGyTLYerpo_37,train
2WGyTLYerpo_38,train
2WGyTLYerpo_39,train
2WGyTLYerpo_4,train
2WGyTLYerpo_40,train
2WGyTLYerpo_41,train
2WGyTLYerpo_42,train
2WGyTLYerpo_43,train
2WGyTLYerpo_44,train
2WGyTLYerpo_45,train
2WGyTLYerpo_46,train
2WGyTLYerpo_47,train
2WGyTLYerpo_48,train
2WGyTLYerpo_49,train
2WGyTLYerpo_5,train
2WGyTLYerpo_50,train
2WGyTLYerpo_51,train
2WGyTLYerpo_52,train
2WGyTLYerpo_53,train
2WGyTLYerpo_54,train
2WGyTLYerpo_55,train
2WGyTLYerpo_56,train
2WGyTLYerpo_57,train
2WGyTLYerpo_58,train
2WGyTLYerpo_59,train
2WGyTLYerpo_6,train
2WGyTLYerpo_60,train
2WGyTLYerpo_61,train
2WGyTLYerpo_62,train
2WGyTLYerpo_63,train
2WGyTLYerpo_7,train
2WGyTLYerpo_8,train
2WGyTLYerpo_9,train
2iD-tVS8NPw_1,train
2iD-tVS8NPw_10,train
2iD-tVS8NPw_11,train
2iD-tVS8NPw_12,train
2iD-tVS8NPw_13,train
2iD-tVS8NPw_14,train
2iD-tVS8NPw_15,train
2iD-tVS8NPw_16,train
2iD-tVS8NPw_17,train
2iD-tVS8NPw_18,train
2iD-tVS8NPw_19,train
2iD-tVS8NPw_2,train
2iD-tVS8NPw_20,train
2iD-tVS8NPw_21,train
2iD-tVS8NPw_22,train
2iD-tVS8NPw_23,train
2iD-tVS8NPw_24,train
2iD-tVS8NPw_25,train
2iD-tVS8NPw_26,train
2iD-tVS8NPw_27,train
2iD-tVS8NPw_28,train
2iD-tVS8NPw_29,train
2iD-tVS8NPw_3,train
2iD-tVS8NPw_30,train
2iD-tVS8NPw_4,train
2iD-tVS8NPw_5,train
2iD-tVS8NPw_6,train
2iD-tVS8NPw_7,train
2iD-tVS8NPw_8,train
2iD-tVS8NPw_9,train
5W7Z1C_fDaE_1,train
5W7Z1C_fDaE_10,train
5W7Z1C_fDaE_11,train
5W7Z1C_fDaE_12,train
5W7Z1C_fDaE_13,train
5W7Z1C_fDaE_14,train
5W7Z1C_fDaE_15,train
5W7Z1C_fDaE_16,train
5W7Z1C_fDaE_17,train
5W7Z1C_fDaE_18,train
5W7Z1C_fDaE_19,train
5W7Z1C_fDaE_2,train
5W7Z1C_fDaE_20,train
5W7Z1C_fDaE_21,train
5W7Z1C_fDaE_22,train
5W7Z1C_fDaE_23,train
5W7Z1C_fDaE_24,train
5W7Z1C_fDaE_3,train
5W7Z1C_fDaE_4,train
5W7Z1C_fDaE_5,train
5W7Z1C_fDaE_6,train
5W7Z1C_fDaE_7,train
5W7Z1C_fDaE_8,train
5W7Z1C_fDaE_9,train
6Egk_28TtTM_1,train
6Egk_28TtTM_10,train
6Egk_28TtTM_11,train
6Egk_28TtTM_12,train
6Egk_28TtTM_2,train
6Egk_28TtTM_3,train
6Egk_28TtTM_4,train
6Egk_28TtTM_5,train
6Egk_28TtTM_6,train
6Egk_28TtTM_7,train
6Egk_28TtTM_8,train
6Egk_28TtTM_9,train
6_0THN4chvY_1,train
6_0THN4chvY_10,train
6_0THN4chvY_11,train
6_0THN4chvY_12,train
6_0THN4chvY_13,train
6_0THN4chvY_14,train
6_0THN4chvY_2,train
6_0THN4chvY_3,train
6_0THN4chvY_4,train
6_0THN4chvY_5,train
6_0THN4chvY_6,train
6_0THN4chvY_7,train
6_0THN4chvY_8,train
6_0THN4chvY_9,train
73jzhE8R1TQ_1,train
73jzhE8R1TQ_10,train
73jzhE8R1TQ_11,train
73jzhE8R1TQ_12,train
73jzhE8R1TQ_13,train
73jzhE8R1TQ_14,train
73jzhE8R1TQ_15,train
73jzhE8R1TQ_16,train
73jzhE8R1TQ_17,train
73jzhE8R1TQ_18,train
73jzhE8R1TQ_19,train
73jzhE8R1TQ_2,train
73jzhE8R1TQ_3,train
73jzhE8R1TQ_4,train
73jzhE8R1TQ_5,train
73jzhE8R1TQ_6,train
73jzhE8R1TQ_7,train
73jzhE8R1TQ_8,train
73jzhE8R1TQ_9,train
7JsX8y1ysxY_1,train
7JsX8y1ysxY_10,train
7JsX8y1ysxY_11,train
7JsX8y1ysxY_12,train
7JsX8y1ysxY_13,train
7JsX8y1ysxY_14,train
7JsX8y1ysxY_15,train
7JsX8y1ysxY_16,train
7JsX8y1ysxY_17,train
7JsX8y1ysxY_18,train
7JsX8y1ysxY_19,train
7JsX8y1ysxY_2,train
7JsX8y1ysxY_20,train
7JsX8y1ysxY_21,train
7JsX8y1ysxY_22,train
7JsX8y1ysxY_23,train
7JsX8y1ysxY_24,train
7JsX8y1ysxY_25,train
7JsX8y1ysxY_26,train
7JsX8y1ysxY_27,train
7JsX8y1ysxY_28,train
7JsX8y1ysxY_29,train
7JsX8y1ysxY_3,train
7JsX8y1ysxY_30,train
7JsX8y1ysxY_31,train
7JsX8y1ysxY_32,train
7JsX8y1ysxY_33,train
7JsX8y1ysxY_34,train
7JsX8y1ysxY_35,train
7JsX8y1ysxY_36,train
7JsX8y1ysxY_37,train
7JsX8y1ysxY_38,train
7JsX8y1ysxY_39,train
7JsX8y1ysxY_4,train
7JsX8y1ysxY_5,train
7JsX8y1ysxY_6,train
7JsX8y1ysxY_7,train
7JsX8y1ysxY_8,train
7JsX8y1ysxY_9,train
8OtFthrtaJM_1,train
8OtFthrtaJM_10,train
8OtFthrtaJM_11,train
8OtFthrtaJM_12,train
8OtFthrtaJM_13,train
8OtFthrtaJM_14,train
8OtFthrtaJM_15,train
8OtFthrtaJM_16,train
8OtFthrtaJM_17,train
8OtFthrtaJM_18,train
8OtFthrtaJM_19,train
8OtFthrtaJM_2,train
8OtFthrtaJM_20,train
8OtFthrtaJM_21,train
8OtFthrtaJM_22,train
8OtFthrtaJM_23,train
8OtFthrtaJM_3,train
8OtFthrtaJM_4,train
8OtFthrtaJM_5,train
8OtFthrtaJM_6,train
8OtFthrtaJM_7,train
8OtFthrtaJM_8,train
8OtFthrtaJM_9,train
8d-gEyoeBzc_1,train
8d-gEyoeBzc_10,train
8d-gEyoeBzc_11,train
8d-gEyoeBzc_12,train
8d-gEyoeBzc_13,train
8d-gEyoeBzc_14,train
8d-gEyoeBzc_15,train
8d-gEyoeBzc_16,train
8d-gEyoeBzc_17,train
8d-gEyoeBzc_18,train
8d-gEyoeBzc_19,train
8d-gEyoeBzc_2,train
8d-gEyoeBzc_20,train
8d-gEyoeBzc_21,train
8d-gEyoeBzc_22,train
8d-gEyoeBzc_23,train
8d-gEyoeBzc_24,train
8d-gEyoeBzc_25,train
8d-gEyoeBzc_26,train
8d-gEyoeBzc_27,train
8d-gEyoeBzc_28,train
8d-gEyoeBzc_29,train
8d-gEyoeBzc_3,train
8d-gEyoeBzc_30,train
8d-gEyoeBzc_4,train
8d-gEyoeBzc_5,train
8d-gEyoeBzc_6,train
8d-gEyoeBzc_7,train
8d-gEyoeBzc_8,train
8d-gEyoeBzc_9,train
8qrpnFRGt2A_1,train
8qrpnFRGt2A_10,train
8qrpnFRGt2A_11,train
8qrpnFRGt2A_12,train
8qrpnFRGt2A_13,train
8qrpnFRGt2A_14,train
8qrpnFRGt2A_15,train
8qrpnFRGt2A_16,train
8qrpnFRGt2A_17,train
8qrpnFRGt2A_18,train
8qrpnFRGt2A_19,train
8qrpnFRGt2A_2,train
8qrpnFRGt2A_20,train
8qrpnFRGt2A_21,train
8qrpnFRGt2A_22,train
8qrpnFRGt2A_23,train
8qrpnFRGt2A_24,train
8qrpnFRGt2A_25,train
8qrpnFRGt2A_26,train
8qrpnFRGt2A_3,train
8qrpnFRGt2A_4,train
8qrpnFRGt2A_5,train
8qrpnFRGt2A_6,train
8qrpnFRGt2A_7,train
8qrpnFRGt2A_8,train
8qrpnFRGt2A_9,train
9J25DZhivz8_1,train
9J25DZhivz8_10,train
9J25DZhivz8_11,train
9J25DZhivz8_12,train
9J25DZhivz8_13,train
9J25DZhivz8_14,train
9J25DZhivz8_15,train
9J25DZhivz8_16,train
9J25DZhivz8_17,train
9J25DZhivz8_18,train
9J25DZhivz8_19,train
9J25DZhivz8_2,train
9J25DZhivz8_20,train
9J25DZhivz8_21,train
9J25DZhivz8_22,train
9J25DZhivz8_23,train
9J25DZhivz8_24,train
9J25DZhivz8_25,train
9J25DZhivz8_3,train
9J25DZhivz8_4,train
9J25DZhivz8_5,train
9J25DZhivz8_6,train
9J25DZhivz8_7,train
9J25DZhivz8_8,train
9J25DZhivz8_9,train
9T9Hf74oK10_1,train
9T9Hf74oK10_10,train
9T9Hf74oK10_11,train
9T9Hf74oK10_12,train
9T9Hf74oK10_13,train
9T9Hf74oK10_14,train
9T9Hf74oK10_15,train
9T9Hf74oK10_16,train
9T9Hf74oK10_17,train
9T9Hf74oK10_18,train
9T9Hf74oK10_19,train
9T9Hf74oK10_2,train
9T9Hf74oK10_20,train
9T9Hf74oK10_21,train
9T9Hf74oK10_22,train
9T9Hf74oK10_23,train
9T9Hf74oK10_24,train
9T9Hf74oK10_25,train
9T9Hf74oK10_3,train
9T9Hf74oK10_4,train
9T9Hf74oK10_5,train
9T9Hf74oK10_6,train
9T9Hf74oK10_7,train
9T9Hf74oK10_8,train
9T9Hf74oK10_9,train
9c67fiY0wGQ_1,train
9c67fiY0wGQ_10,train
9c67fiY0wGQ_11,train
9c67fiY0wGQ_12,train
9c67fiY0wGQ_2,train
9c67fiY0wGQ_3,train
9c67fiY0wGQ_4,train
9c67fiY0wGQ_5,train
9c67fiY0wGQ_6,train
9c67fiY0wGQ_7,train
9c67fiY0wGQ_8,train
9c67fiY0wGQ_9,train
9qR7uwkblbs_1,train
9qR7uwkblbs_10,train
9qR7uwkblbs_11,train
9qR7uwkblbs_12,train
9qR7uwkblbs_13,train
9qR7uwkblbs_14,train
9qR7uwkblbs_15,train
9qR7uwkblbs_16,train
9qR7uwkblbs_17,train
9qR7uwkblbs_18,train
9qR7uwkblbs_19,train
9qR7uwkblbs_2,train
9qR7uwkblbs_20,train
9qR7uwkblbs_21,train
9qR7uwkblbs_22,train
9qR7uwkblbs_23,train
9qR7uwkblbs_24,train
9qR7uwkblbs_25,train
9qR7uwkblbs_26,train
9qR7uwkblbs_27,train
9qR7uwkblbs_28,train
9qR7uwkblbs_29,train
9qR7uwkblbs_3,train
9qR7uwkblbs_30,train
9qR7uwkblbs_31,train
9qR7uwkblbs_32,train
9qR7uwkblbs_33,train
9qR7uwkblbs_4,train
9qR7uwkblbs_5,train
9qR7uwkblbs_6,train
9qR7uwkblbs_7,train
9qR7uwkblbs_8,train
9qR7uwkblbs_9,train
Af8D0E4ZXaw_1,train
Af8D0E4ZXaw_10,train
Af8D0E4ZXaw_11,train
Af8D0E4ZXaw_12,train
Af8D0E4ZXaw_13,train
Af8D0E4ZXaw_14,train
Af8D0E4ZXaw_15,train
Af8D0E4ZXaw_16,train
Af8D0E4ZXaw_17,train
Af8D0E4ZXaw_18,train
Af8D0E4ZXaw_19,train
Af8D0E4ZXaw_2,train
Af8D0E4ZXaw_20,train
Af8D0E4ZXaw_21,train
Af8D0E4ZXaw_22,train
Af8D0E4ZXaw_23,train
Af8D0E4ZXaw_24,train
Af8D0E4ZXaw_25,train
Af8D0E4ZXaw_26,train
Af8D0E4ZXaw_27,train
Af8D0E4ZXaw_28,train
Af8D0E4ZXaw_29,train
Af8D0E4ZXaw_3,train
Af8D0E4ZXaw_30,train
Af8D0E4ZXaw_31,train
Af8D0E4ZXaw_4,train
Af8D0E4ZXaw_5,train
Af8D0E4ZXaw_6,train
Af8D0E4ZXaw_7,train
Af8D0E4ZXaw_8,train
Af8D0E4ZXaw_9,train
BI97DNYfe5I_1,train
BI97DNYfe5I_10,train
BI97DNYfe5I_11,train
BI97DNYfe5I_12,train
BI97DNYfe5I_13,train
BI97DNYfe5I_14,train
BI97DNYfe5I_15,train
BI97DNYfe5I_16,train
BI97DNYfe5I_17,train
BI97DNYfe5I_18,train
BI97DNYfe5I_19,train
BI97DNYfe5I_2,train
BI97DNYfe5I_20,train
BI97DNYfe5I_21,train
BI97DNYfe5I_22,train
BI97DNYfe5I_23,train
BI97DNYfe5I_24,train
BI97DNYfe5I_25,train
BI97DNYfe5I_26,train
BI97DNYfe5I_27,train
BI97DNYfe5I_28,train
BI97DNYfe5I_29,train
BI97DNYfe5I_3,train
BI97DNYfe5I_30,train
BI97DNYfe5I_31,train
BI97DNYfe5I_4,train
BI97DNYfe5I_5,train
BI97DNYfe5I_6,train
BI97DNYfe5I_7,train
BI97DNYfe5I_8,train
BI97DNYfe5I_9,train
BXuRRbG0Ugk_1,train
BXuRRbG0Ugk_10,train
BXuRRbG0Ugk_11,train
BXuRRbG0Ugk_12,train
BXuRRbG0Ugk_13,train
BXuRRbG0Ugk_14,train
BXuRRbG0Ugk_15,train
BXuRRbG0Ugk_16,train
BXuRRbG0Ugk_17,train
BXuRRbG0Ugk_18,train
BXuRRbG0Ugk_19,train
BXuRRbG0Ugk_2,train
BXuRRbG0Ugk_20,train
BXuRRbG0Ugk_21,train
BXuRRbG0Ugk_22,train
BXuRRbG0Ugk_23,train
BXuRRbG0Ugk_24,train
BXuRRbG0Ugk_25,train
BXuRRbG0Ugk_26,train
BXuRRbG0Ugk_27,train
BXuRRbG0Ugk_28,train
BXuRRbG0Ugk_29,train
BXuRRbG0Ugk_3,train
BXuRRbG0Ugk_30,train
BXuRRbG0Ugk_31,train
BXuRRbG0Ugk_4,train
BXuRRbG0Ugk_5,train
BXuRRbG0Ugk_6,train
BXuRRbG0Ugk_7,train
BXuRRbG0Ugk_8,train
BXuRRbG0Ugk_9,train
Bfr499ggo-0_1,train
Bfr499ggo-0_10,train
Bfr499ggo-0_11,train
Bfr499ggo-0_12,train
Bfr499ggo-0_13,train
Bfr499ggo-0_14,train
Bfr499ggo-0_15,train
Bfr499ggo-0_16,train
Bfr499ggo-0_17,train
Bfr499ggo-0_18,train
Bfr499ggo-0_19,train
Bfr499ggo-0_2,train
Bfr499ggo-0_20,train
Bfr499ggo-0_21,train
Bfr499ggo-0_22,train
Bfr499ggo-0_3,train
Bfr499ggo-0_4,train
Bfr499ggo-0_5,train
Bfr499ggo-0_6,train
Bfr499ggo-0_7,train
Bfr499ggo-0_8,train
Bfr499ggo-0_9,train
BioHAh1qJAQ_1,train
BioHAh1qJAQ_10,train
BioHAh1qJAQ_11,train
BioHAh1qJAQ_12,train
BioHAh1qJAQ_13,train
BioHAh1qJAQ_14,train
BioHAh1qJAQ_15,train
BioHAh1qJAQ_16,train
BioHAh1qJAQ_17,train
BioHAh1qJAQ_18,train
BioHAh1qJAQ_19,train
BioHAh1qJAQ_2,train
BioHAh1qJAQ_20,train
BioHAh1qJAQ_21,train
BioHAh1qJAQ_22,train
BioHAh1qJAQ_23,train
BioHAh1qJAQ_24,train
BioHAh1qJAQ_25,train
BioHAh1qJAQ_26,train
BioHAh1qJAQ_27,train
BioHAh1qJAQ_28,train
BioHAh1qJAQ_29,train
BioHAh1qJAQ_3,train
BioHAh1qJAQ_30,train
BioHAh1qJAQ_4,train
BioHAh1qJAQ_5,train
BioHAh1qJAQ_6,train
BioHAh1qJAQ_7,train
BioHAh1qJAQ_8,train
BioHAh1qJAQ_9,train
BvYR0L6f2Ig_1,train
BvYR0L6f2Ig_10,train
BvYR0L6f2Ig_11,train
BvYR0L6f2Ig_12,train
BvYR0L6f2Ig_13,train
BvYR0L6f2Ig_14,train
BvYR0L6f2Ig_15,train
BvYR0L6f2Ig_16,train
BvYR0L6f2Ig_17,train
BvYR0L6f2Ig_18,train
BvYR0L6f2Ig_19,train
BvYR0L6f2Ig_2,train
BvYR0L6f2Ig_20,train
BvYR0L6f2Ig_21,train
BvYR0L6f2Ig_22,train
BvYR0L6f2Ig_23,train
BvYR0L6f2Ig_24,train
BvYR0L6f2Ig_25,train
BvYR0L6f2Ig_26,train
BvYR0L6f2Ig_3,train
BvYR0L6f2Ig_4,train
BvYR0L6f2Ig_5,train
BvYR0L6f2Ig_6,train
BvYR0L6f2Ig_7,train
BvYR0L6f2Ig_8,train
BvYR0L6f2Ig_9,train
Ci-AH39fi3Y_1,train
Ci-AH39fi3Y_10,train
Ci-AH39fi3Y_11,train
Ci-AH39fi3Y_12,train
Ci-AH39fi3Y_13,train
Ci-AH39fi3Y_14,train
Ci-AH39fi3Y_15,train
Ci-AH39fi3Y_16,train
Ci-AH39fi3Y_17,train
Ci-AH39fi3Y_18,train
Ci-AH39fi3Y_19,train
Ci-AH39fi3Y_2,train
Ci-AH39fi3Y_20,train
Ci-AH39fi3Y_21,train
Ci-AH39fi3Y_22,train
Ci-AH39fi3Y_23,train
Ci-AH39fi3Y_24,train
Ci-AH39fi3Y_25,train
Ci-AH39fi3Y_26,train
Ci-AH39fi3Y_27,train
Ci-AH39fi3Y_28,train
Ci-AH39fi3Y_29,train
Ci-AH39fi3Y_3,train
Ci-AH39fi3Y_30,train
Ci-AH39fi3Y_31,train
Ci-AH39fi3Y_32,train
Ci-AH39fi3Y_33,train
Ci-AH39fi3Y_34,train
Ci-AH39fi3Y_35,train
Ci-AH39fi3Y_36,train
Ci-AH39fi3Y_37,train
Ci-AH39fi3Y_38,train
Ci-AH39fi3Y_39,train
Ci-AH39fi3Y_4,train
Ci-AH39fi3Y_40,train
Ci-AH39fi3Y_41,train
Ci-AH39fi3Y_42,train
Ci-AH39fi3Y_43,train
Ci-AH39fi3Y_44,train
Ci-AH39fi3Y_5,train
Ci-AH39fi3Y_6,train
Ci-AH39fi3Y_7,train
Ci-AH39fi3Y_8,train
Ci-AH39fi3Y_9,train
Clx4VXItLTE_1,train
Clx4VXItLTE_10,train
Clx4VXItLTE_11,train
Clx4VXItLTE_12,train
Clx4VXItLTE_13,train
Clx4VXItLTE_14,train
Clx4VXItLTE_15,train
Clx4VXItLTE_16,train
Clx4VXItLTE_17,train
Clx4VXItLTE_18,train
Clx4VXItLTE_19,train
Clx4VXItLTE_2,train
Clx4VXItLTE_20,train
Clx4VXItLTE_21,train
Clx4VXItLTE_22,train
Clx4VXItLTE_23,train
Clx4VXItLTE_24,train
Clx4VXItLTE_25,train
Clx4VXItLTE_26,train
Clx4VXItLTE_27,train
Clx4VXItLTE_28,train
Clx4VXItLTE_29,train
Clx4VXItLTE_3,train
Clx4VXItLTE_30,train
Clx4VXItLTE_31,train
Clx4VXItLTE_4,train
Clx4VXItLTE_5,train
Clx4VXItLTE_6,train
Clx4VXItLTE_7,train
Clx4VXItLTE_8,train
Clx4VXItLTE_9,train
Dg_0XKD0Mf4_1,train
Dg_0XKD0Mf4_10,train
Dg_0XKD0Mf4_11,train
Dg_0XKD0Mf4_12,train
Dg_0XKD0Mf4_13,train
Dg_0XKD0Mf4_14,train
Dg_0XKD0Mf4_15,train
Dg_0XKD0Mf4_16,train
Dg_0XKD0Mf4_17,train
Dg_0XKD0Mf4_18,train
Dg_0XKD0Mf4_2,train
Dg_0XKD0Mf4_3,train
Dg_0XKD0Mf4_4,train
Dg_0XKD0Mf4_5,train
Dg_0XKD0Mf4_6,train
Dg_0XKD0Mf4_7,train
Dg_0XKD0Mf4_8,train
Dg_0XKD0Mf4_9,train
G-xst2euQUc_1,train
G-xst2euQUc_10,train
G-xst2euQUc_11,train
G-xst2euQUc_12,train
G-xst2euQUc_13,train
G-xst2euQUc_14,train
G-xst2euQUc_15,train
G-xst2euQUc_16,train
G-xst2euQUc_17,train
G-xst2euQUc_18,train
G-xst2euQUc_19,train
G-xst2euQUc_2,train
G-xst2euQUc_20,train
G-xst2euQUc_21,train
G-xst2euQUc_3,train
G-xst2euQUc_4,train
G-xst2euQUc_5,train
G-xst2euQUc_6,train
G-xst2euQUc_7,train
G-xst2euQUc_8,train
G-xst2euQUc_9,train
G6GlGvlkxAQ_1,train
G6GlGvlkxAQ_10,train
G6GlGvlkxAQ_11,train
G6GlGvlkxAQ_12,train
G6GlGvlkxAQ_13,train
G6GlGvlkxAQ_14,train
G6GlGvlkxAQ_15,train
G6GlGvlkxAQ_16,train
G6GlGvlkxAQ_17,train
G6GlGvlkxAQ_18,train
G6GlGvlkxAQ_19,train
G6GlGvlkxAQ_2,train
G6GlGvlkxAQ_20,train
G6GlGvlkxAQ_21,train
G6GlGvlkxAQ_22,train
G6GlGvlkxAQ_23,train
G6GlGvlkxAQ_24,train
G6GlGvlkxAQ_25,train
G6GlGvlkxAQ_26,train
G6GlGvlkxAQ_27,train
G6GlGvlkxAQ_28,train
G6GlGvlkxAQ_29,train
G6GlGvlkxAQ_3,train
G6GlGvlkxAQ_4,train
G6GlGvlkxAQ_5,train
G6GlGvlkxAQ_6,train
G6GlGvlkxAQ_7,train
G6GlGvlkxAQ_8,train
G6GlGvlkxAQ_9,train
GWuJjcEuzt8_1,train
GWuJjcEuzt8_10,train
GWuJjcEuzt8_11,train
GWuJjcEuzt8_12,train
GWuJjcEuzt8_13,train
GWuJjcEuzt8_14,train
GWuJjcEuzt8_15,train
GWuJjcEuzt8_16,train
GWuJjcEuzt8_17,train
GWuJjcEuzt8_18,train
GWuJjcEuzt8_2,train
GWuJjcEuzt8_3,train
GWuJjcEuzt8_4,train
GWuJjcEuzt8_5,train
GWuJjcEuzt8_6,train
GWuJjcEuzt8_7,train
GWuJjcEuzt8_8,train
GWuJjcEuzt8_9,train
HEsqda8_d0Q_1,train
HEsqda8_d0Q_10,train
HEsqda8_d0Q_11,train
HEsqda8_d0Q_12,train
HEsqda8_d0Q_13,train
HEsqda8_d0Q_14,train
HEsqda8_d0Q_15,train
HEsqda8_d0Q_16,train
HEsqda8_d0Q_17,train
HEsqda8_d0Q_18,train
HEsqda8_d0Q_19,train
HEsqda8_d0Q_2,train
HEsqda8_d0Q_20,train
HEsqda8_d0Q_21,train
HEsqda8_d0Q_22,train
HEsqda8_d0Q_23,train
HEsqda8_d0Q_24,train
HEsqda8_d0Q_25,train
HEsqda8_d0Q_26,train
HEsqda8_d0Q_27,train
HEsqda8_d0Q_28,train
HEsqda8_d0Q_29,train
HEsqda8_d0Q_3,train
HEsqda8_d0Q_30,train
HEsqda8_d0Q_31,train
HEsqda8_d0Q_32,train
HEsqda8_d0Q_33,train
HEsqda8_d0Q_34,train
HEsqda8_d0Q_4,train
HEsqda8_d0Q_5,train
HEsqda8_d0Q_6,train
HEsqda8_d0Q_7,train
HEsqda8_d0Q_8,train
HEsqda8_d0Q_9,train
I5y0__X72p0_1,train
I5y0__X72p0_10,train
I5y0__X72p0_11,train
I5y0__X72p0_12,train
I5y0__X72p0_13,train
I5y0__X72p0_14,train
I5y0__X72p0_15,train
I5y0__X72p0_16,train
I5y0__X72p0_17,train
I5y0__X72p0_18,train
I5y0__X72p0_19,train
I5y0__X72p0_2,train
I5y0__X72p0_20,train
I5y0__X72p0_21,train
I5y0__X72p0_22,train
I5y0__X72p0_23,train
I5y0__X72p0_24,train
I5y0__X72p0_25,train
I5y0__X72p0_26,train
I5y0__X72p0_27,train
I5y0__X72p0_28,train
I5y0__X72p0_29,train
I5y0__X72p0_3,train
I5y0__X72p0_30,train
I5y0__X72p0_31,train
I5y0__X72p0_32,train
I5y0__X72p0_33,train
I5y0__X72p0_34,train
I5y0__X72p0_35,train
I5y0__X72p0_36,train
I5y0__X72p0_37,train
I5y0__X72p0_38,train
I5y0__X72p0_39,train
I5y0__X72p0_4,train
I5y0__X72p0_5,train
I5y0__X72p0_6,train
I5y0__X72p0_7,train
I5y0__X72p0_8,train
I5y0__X72p0_9,train
Iu2PFX3z_1s_1,train
Iu2PFX3z_1s_10,train
Iu2PFX3z_1s_11,train
Iu2PFX3z_1s_12,train
Iu2PFX3z_1s_13,train
Iu2PFX3z_1s_14,train
Iu2PFX3z_1s_15,train
Iu2PFX3z_1s_16,train
Iu2PFX3z_1s_2,train
Iu2PFX3z_1s_3,train
Iu2PFX3z_1s_4,train
Iu2PFX3z_1s_5,train
Iu2PFX3z_1s_6,train
Iu2PFX3z_1s_7,train
Iu2PFX3z_1s_8,train
Iu2PFX3z_1s_9,train
IumbAb8q2dM_1,train
IumbAb8q2dM_10,train
IumbAb8q2dM_11,train
IumbAb8q2dM_12,train
IumbAb8q2dM_13,train
IumbAb8q2dM_14,train
IumbAb8q2dM_15,train
IumbAb8q2dM_16,train
IumbAb8q2dM_17,train
IumbAb8q2dM_18,train
IumbAb8q2dM_19,train
IumbAb8q2dM_2,train
IumbAb8q2dM_20,train
IumbAb8q2dM_21,train
IumbAb8q2dM_22,train
IumbAb8q2dM_3,train
IumbAb8q2dM_4,train
IumbAb8q2dM_5,train
IumbAb8q2dM_6,train
IumbAb8q2dM_7,train
IumbAb8q2dM_8,train
IumbAb8q2dM_9,train
Jkswaaud0hk_1,train
Jkswaaud0hk_10,train
Jkswaaud0hk_11,train
Jkswaaud0hk_12,train
Jkswaaud0hk_13,train
Jkswaaud0hk_14,train
Jkswaaud0hk_15,train
Jkswaaud0hk_16,train
Jkswaaud0hk_17,train
Jkswaaud0hk_18,train
Jkswaaud0hk_19,train
Jkswaaud0hk_2,train
Jkswaaud0hk_20,train
Jkswaaud0hk_3,train
Jkswaaud0hk_4,train
Jkswaaud0hk_5,train
Jkswaaud0hk_6,train
Jkswaaud0hk_7,train
Jkswaaud0hk_8,train
Jkswaaud0hk_9,train
LSi-o-IrDMs_1,train
LSi-o-IrDMs_10,train
LSi-o-IrDMs_11,train
LSi-o-IrDMs_12,train
LSi-o-IrDMs_13,train
LSi-o-IrDMs_14,train
LSi-o-IrDMs_15,train
LSi-o-IrDMs_16,train
LSi-o-IrDMs_17,train
LSi-o-IrDMs_18,train
LSi-o-IrDMs_19,train
LSi-o-IrDMs_2,train
LSi-o-IrDMs_20,train
LSi-o-IrDMs_21,train
LSi-o-IrDMs_22,train
LSi-o-IrDMs_23,train
LSi-o-IrDMs_24,train
LSi-o-IrDMs_25,train
LSi-o-IrDMs_26,train
LSi-o-IrDMs_27,train
LSi-o-IrDMs_28,train
LSi-o-IrDMs_29,train
LSi-o-IrDMs_3,train
LSi-o-IrDMs_4,train
LSi-o-IrDMs_5,train
LSi-o-IrDMs_6,train
LSi-o-IrDMs_7,train
LSi-o-IrDMs_8,train
LSi-o-IrDMs_9,train
MLal-t_vJPM_1,train
MLal-t_vJPM_10,train
MLal-t_vJPM_11,train
MLal-t_vJPM_12,train
MLal-t_vJPM_13,train
MLal-t_vJPM_14,train
MLal-t_vJPM_15,train
MLal-t_vJPM_16,train
MLal-t_vJPM_17,train
MLal-t_vJPM_18,train
MLal-t_vJPM_2,train
MLal-t_vJPM_3,train
MLal-t_vJPM_4,train
MLal-t_vJPM_5,train
MLal-t_vJPM_6,train
MLal-t_vJPM_7,train
MLal-t_vJPM_8,train
MLal-t_vJPM_9,train
Njd1F0vZSm4_1,train
Njd1F0vZSm4_10,train
Njd1F0vZSm4_11,train
Njd1F0vZSm4_12,train
Njd1F0vZSm4_13,train
Njd1F0vZSm4_2,train
Njd1F0vZSm4_3,train
Njd1F0vZSm4_4,train
Njd1F0vZSm4_5,train
Njd1F0vZSm4_6,train
Njd1F0vZSm4_7,train
Njd1F0vZSm4_8,train
Njd1F0vZSm4_9,train
Nzq88NnDkEk_1,train
Nzq88NnDkEk_10,train
Nzq88NnDkEk_11,train
Nzq88NnDkEk_12,train
Nzq88NnDkEk_13,train
Nzq88NnDkEk_14,train
Nzq88NnDkEk_15,train
Nzq88NnDkEk_16,train
Nzq88NnDkEk_17,train
Nzq88NnDkEk_18,train
Nzq88NnDkEk_19,train
Nzq88NnDkEk_2,train
Nzq88NnDkEk_20,train
Nzq88NnDkEk_21,train
Nzq88NnDkEk_22,train
Nzq88NnDkEk_23,train
Nzq88NnDkEk_24,train
Nzq88NnDkEk_25,train
Nzq88NnDkEk_26,train
Nzq88NnDkEk_27,train
Nzq88NnDkEk_28,train
Nzq88NnDkEk_29,train
Nzq88NnDkEk_3,train
Nzq88NnDkEk_30,train
Nzq88NnDkEk_31,train
Nzq88NnDkEk_32,train
Nzq88NnDkEk_4,train
Nzq88NnDkEk_5,train
Nzq88NnDkEk_6,train
Nzq88NnDkEk_7,train
Nzq88NnDkEk_8,train
Nzq88NnDkEk_9,train
OQvJTdtJ2H4_1,train
OQvJTdtJ2H4_10,train
OQvJTdtJ2H4_11,train
OQvJTdtJ2H4_12,train
OQvJTdtJ2H4_13,train
OQvJTdtJ2H4_14,train
OQvJTdtJ2H4_15,train
OQvJTdtJ2H4_16,train
OQvJTdtJ2H4_2,train
OQvJTdtJ2H4_3,train
OQvJTdtJ2H4_4,train
OQvJTdtJ2H4_5,train
OQvJTdtJ2H4_6,train
OQvJTdtJ2H4_7,train
OQvJTdtJ2H4_8,train
OQvJTdtJ2H4_9,train
OtBXNcAL_lE_1,train
OtBXNcAL_lE_10,train
OtBXNcAL_lE_11,train
OtBXNcAL_lE_12,train
OtBXNcAL_lE_13,train
OtBXNcAL_lE_14,train
OtBXNcAL_lE_15,train
OtBXNcAL_lE_16,train
OtBXNcAL_lE_17,train
OtBXNcAL_lE_18,train
OtBXNcAL_lE_19,train
OtBXNcAL_lE_2,train
OtBXNcAL_lE_20,train
OtBXNcAL_lE_21,train
OtBXNcAL_lE_22,train
OtBXNcAL_lE_23,train
OtBXNcAL_lE_24,train
OtBXNcAL_lE_3,train
OtBXNcAL_lE_4,train
OtBXNcAL_lE_5,train
OtBXNcAL_lE_6,train
OtBXNcAL_lE_7,train
OtBXNcAL_lE_8,train
OtBXNcAL_lE_9,train
Oz06ZWiO20M_1,train
Oz06ZWiO20M_10,train
Oz06ZWiO20M_11,train
Oz06ZWiO20M_12,train
Oz06ZWiO20M_13,train
Oz06ZWiO20M_14,train
Oz06ZWiO20M_15,train
Oz06ZWiO20M_16,train
Oz06ZWiO20M_17,train
Oz06ZWiO20M_18,train
Oz06ZWiO20M_19,train
Oz06ZWiO20M_2,train
Oz06ZWiO20M_20,train
Oz06ZWiO20M_21,train
Oz06ZWiO20M_22,train
Oz06ZWiO20M_23,train
Oz06ZWiO20M_24,train
Oz06ZWiO20M_25,train
Oz06ZWiO20M_3,train
Oz06ZWiO20M_4,train
Oz06ZWiO20M_5,train
Oz06ZWiO20M_6,train
Oz06ZWiO20M_7,train
Oz06ZWiO20M_8,train
Oz06ZWiO20M_9,train
POKffnXeBds_1,train
POKffnXeBds_10,train
POKffnXeBds_11,train
POKffnXeBds_12,train
POKffnXeBds_13,train
POKffnXeBds_2,train
POKffnXeBds_3,train
POKffnXeBds_4,train
POKffnXeBds_5,train
POKffnXeBds_6,train
POKffnXeBds_7,train
POKffnXeBds_8,train
POKffnXeBds_9,train
PZ-lDQFboO8_1,train
PZ-lDQFboO8_10,train
PZ-lDQFboO8_11,train
PZ-lDQFboO8_12,train
PZ-lDQFboO8_2,train
PZ-lDQFboO8_3,train
PZ-lDQFboO8_4,train
PZ-lDQFboO8_5,train
PZ-lDQFboO8_6,train
PZ-lDQFboO8_7,train
PZ-lDQFboO8_8,train
PZ-lDQFboO8_9,train
QN9ZIUWUXsY_1,train
QN9ZIUWUXsY_10,train
QN9ZIUWUXsY_11,train
QN9ZIUWUXsY_12,train
QN9ZIUWUXsY_13,train
QN9ZIUWUXsY_14,train
QN9ZIUWUXsY_15,train
QN9ZIUWUXsY_16,train
QN9ZIUWUXsY_17,train
QN9ZIUWUXsY_18,train
QN9ZIUWUXsY_2,train
QN9ZIUWUXsY_3,train
QN9ZIUWUXsY_4,train
QN9ZIUWUXsY_5,train
QN9ZIUWUXsY_6,train
QN9ZIUWUXsY_7,train
QN9ZIUWUXsY_8,train
QN9ZIUWUXsY_9,train
Qr1Ca94K55A_1,train
Qr1Ca94K55A_10,train
Qr1Ca94K55A_11,train
Qr1Ca94K55A_12,train
Qr1Ca94K55A_13,train
Qr1Ca94K55A_14,train
Qr1Ca94K55A_2,train
Qr1Ca94K55A_3,train
Qr1Ca94K55A_4,train
Qr1Ca94K55A_5,train
Qr1Ca94K55A_6,train
Qr1Ca94K55A_7,train
Qr1Ca94K55A_8,train
Qr1Ca94K55A_9,train
Sqr0AcuoNnk_1,train
Sqr0AcuoNnk_10,train
Sqr0AcuoNnk_11,train
Sqr0AcuoNnk_12,train
Sqr0AcuoNnk_13,train
Sqr0AcuoNnk_14,train
Sqr0AcuoNnk_15,train
Sqr0AcuoNnk_16,train
Sqr0AcuoNnk_17,train
Sqr0AcuoNnk_18,train
Sqr0AcuoNnk_19,train
Sqr0AcuoNnk_2,train
Sqr0AcuoNnk_20,train
Sqr0AcuoNnk_21,train
Sqr0AcuoNnk_22,train
Sqr0AcuoNnk_3,train
Sqr0AcuoNnk_4,train
Sqr0AcuoNnk_5,train
Sqr0AcuoNnk_6,train
Sqr0AcuoNnk_7,train
Sqr0AcuoNnk_8,train
Sqr0AcuoNnk_9,train
TvyZBvOMOTc_1,train
TvyZBvOMOTc_10,train
TvyZBvOMOTc_11,train
TvyZBvOMOTc_12,train
TvyZBvOMOTc_13,train
TvyZBvOMOTc_14,train
TvyZBvOMOTc_15,train
TvyZBvOMOTc_2,train
TvyZBvOMOTc_3,train
TvyZBvOMOTc_4,train
TvyZBvOMOTc_5,train
TvyZBvOMOTc_6,train
TvyZBvOMOTc_7,train
TvyZBvOMOTc_8,train
TvyZBvOMOTc_9,train
VCslbP0mgZI_1,train
VCslbP0mgZI_10,train
VCslbP0mgZI_11,train
VCslbP0mgZI_12,train
VCslbP0mgZI_13,train
VCslbP0mgZI_14,train
VCslbP0mgZI_15,train
VCslbP0mgZI_16,train
VCslbP0mgZI_17,train
VCslbP0mgZI_2,train
VCslbP0mgZI_3,train
VCslbP0mgZI_4,train
VCslbP0mgZI_5,train
VCslbP0mgZI_6,train
VCslbP0mgZI_7,train
VCslbP0mgZI_8,train
VCslbP0mgZI_9,train
VbQk4H8hgr0_1,train
VbQk4H8hgr0_10,train
VbQk4H8hgr0_11,train
VbQk4H8hgr0_12,train
VbQk4H8hgr0_13,train
VbQk4H8hgr0_14,train
VbQk4H8hgr0_15,train
VbQk4H8hgr0_16,train
VbQk4H8hgr0_17,train
VbQk4H8hgr0_18,train
VbQk4H8hgr0_19,train
VbQk4H8hgr0_2,train
VbQk4H8hgr0_20,train
VbQk4H8hgr0_21,train
VbQk4H8hgr0_22,train
VbQk4H8hgr0_23,train
VbQk4H8hgr0_24,train
VbQk4H8hgr0_25,train
VbQk4H8hgr0_26,train
VbQk4H8hgr0_27,train
VbQk4H8hgr0_28,train
VbQk4H8hgr0_29,train
VbQk4H8hgr0_3,train
VbQk4H8hgr0_30,train
VbQk4H8hgr0_31,train
VbQk4H8hgr0_32,train
VbQk4H8hgr0_33,train
VbQk4H8hgr0_34,train
VbQk4H8hgr0_35,train
VbQk4H8hgr0_36,train
VbQk4H8hgr0_37,train
VbQk4H8hgr0_38,train
VbQk4H8hgr0_39,train
VbQk4H8hgr0_4,train
VbQk4H8hgr0_40,train
VbQk4H8hgr0_41,train
VbQk4H8hgr0_42,train
VbQk4H8hgr0_43,train
VbQk4H8hgr0_44,train
VbQk4H8hgr0_45,train
VbQk4H8hgr0_46,train
VbQk4H8hgr0_47,train
VbQk4H8hgr0_48,train
VbQk4H8hgr0_49,train
VbQk4H8hgr0_5,train
VbQk4H8hgr0_50,train
VbQk4H8hgr0_51,train
VbQk4H8hgr0_52,train
VbQk4H8hgr0_53,train
VbQk4H8hgr0_54,train
VbQk4H8hgr0_55,train
VbQk4H8hgr0_6,train
VbQk4H8hgr0_7,train
VbQk4H8hgr0_8,train
VbQk4H8hgr0_9,train
Vj1wYRQjB-o_1,train
Vj1wYRQjB-o_2,train
Vj1wYRQjB-o_3,train
Vj1wYRQjB-o_4,train
Vj1wYRQjB-o_5,train
Vj1wYRQjB-o_6,train
Vj1wYRQjB-o_7,train
Vj1wYRQjB-o_8,train
Vj1wYRQjB-o_9,train
W8NXH0Djyww_1,train
W8NXH0Djyww_10,train
W8NXH0Djyww_11,train
W8NXH0Djyww_12,train
W8NXH0Djyww_13,train
W8NXH0Djyww_14,train
W8NXH0Djyww_15,train
W8NXH0Djyww_16,train
W8NXH0Djyww_17,train
W8NXH0Djyww_18,train
W8NXH0Djyww_19,train
W8NXH0Djyww_2,train
W8NXH0Djyww_20,train
W8NXH0Djyww_21,train
W8NXH0Djyww_22,train
W8NXH0Djyww_23,train
W8NXH0Djyww_24,train
W8NXH0Djyww_25,train
W8NXH0Djyww_26,train
W8NXH0Djyww_27,train
W8NXH0Djyww_28,train
W8NXH0Djyww_29,train
W8NXH0Djyww_3,train
W8NXH0Djyww_30,train
W8NXH0Djyww_31,train
W8NXH0Djyww_32,train
W8NXH0Djyww_4,train
W8NXH0Djyww_5,train
W8NXH0Djyww_6,train
W8NXH0Djyww_7,train
W8NXH0Djyww_8,train
W8NXH0Djyww_9,train
WKA5OygbEKI_1,val
WKA5OygbEKI_10,val
WKA5OygbEKI_11,val
WKA5OygbEKI_12,val
WKA5OygbEKI_13,val
WKA5OygbEKI_14,val
WKA5OygbEKI_15,val
WKA5OygbEKI_16,val
WKA5OygbEKI_17,val
WKA5OygbEKI_18,val
WKA5OygbEKI_19,val
WKA5OygbEKI_2,val
WKA5OygbEKI_20,val
WKA5OygbEKI_21,val
WKA5OygbEKI_22,val
WKA5OygbEKI_3,val
WKA5OygbEKI_4,val
WKA5OygbEKI_5,val
WKA5OygbEKI_6,val
WKA5OygbEKI_7,val
WKA5OygbEKI_8,val
WKA5OygbEKI_9,val
X3j2zQgwYgE_1,val
X3j2zQgwYgE_10,val
X3j2zQgwYgE_11,val
X3j2zQgwYgE_2,val
X3j2zQgwYgE_3,val
X3j2zQgwYgE_4,val
X3j2zQgwYgE_5,val
X3j2zQgwYgE_6,val
X3j2zQgwYgE_7,val
X3j2zQgwYgE_8,val
X3j2zQgwYgE_9,val
ZAIRrfG22O0_1,val
ZAIRrfG22O0_2,val
ZAIRrfG22O0_3,val
ZAIRrfG22O0_4,val
ZAIRrfG22O0_5,val
ZAIRrfG22O0_6,val
ZAIRrfG22O0_7,val
ZAIRrfG22O0_8,val
ZAIRrfG22O0_9,val
ZUXBRvtny7o_1,val
ZUXBRvtny7o_10,val
ZUXBRvtny7o_11,val
ZUXBRvtny7o_12,val
ZUXBRvtny7o_13,val
ZUXBRvtny7o_14,val
ZUXBRvtny7o_15,val
ZUXBRvtny7o_16,val
ZUXBRvtny7o_17,val
ZUXBRvtny7o_18,val
ZUXBRvtny7o_19,val
ZUXBRvtny7o_2,val
ZUXBRvtny7o_20,val
ZUXBRvtny7o_21,val
ZUXBRvtny7o_22,val
ZUXBRvtny7o_23,val
ZUXBRvtny7o_24,val
ZUXBRvtny7o_25,val
ZUXBRvtny7o_26,val
ZUXBRvtny7o_27,val
ZUXBRvtny7o_28,val
ZUXBRvtny7o_29,val
ZUXBRvtny7o_3,val
ZUXBRvtny7o_30,val
ZUXBRvtny7o_31,val
ZUXBRvtny7o_32,val
ZUXBRvtny7o_33,val
ZUXBRvtny7o_34,val
ZUXBRvtny7o_4,val
ZUXBRvtny7o_5,val
ZUXBRvtny7o_6,val
ZUXBRvtny7o_7,val
ZUXBRvtny7o_8,val
ZUXBRvtny7o_9,val
_dI--eQ6qVU_1,val
_dI--eQ6qVU_10,val
_dI--eQ6qVU_11,val
_dI--eQ6qVU_12,val
_dI--eQ6qVU_13,val
_dI--eQ6qVU_14,val
_dI--eQ6qVU_15,val
_dI--eQ6qVU_16,val
_dI--eQ6qVU_17,val
_dI--eQ6qVU_18,val
_dI--eQ6qVU_19,val
_dI--eQ6qVU_2,val
_dI--eQ6qVU_20,val
_dI--eQ6qVU_21,val
_dI--eQ6qVU_22,val
_dI--eQ6qVU_23,val
_dI--eQ6qVU_24,val
_dI--eQ6qVU_25,val
_dI--eQ6qVU_26,val
_dI--eQ6qVU_27,val
_dI--eQ6qVU_28,val
_dI--eQ6qVU_3,val
_dI--eQ6qVU_4,val
_dI--eQ6qVU_5,val
_dI--eQ6qVU_6,val
_dI--eQ6qVU_7,val
_dI--eQ6qVU_8,val
_dI--eQ6qVU_9,val
aiEXnCPZubE_1,val
aiEXnCPZubE_10,val
aiEXnCPZubE_11,val
aiEXnCPZubE_12,val
aiEXnCPZubE_13,val
aiEXnCPZubE_14,val
aiEXnCPZubE_15,val
aiEXnCPZubE_16,val
aiEXnCPZubE_17,val
aiEXnCPZubE_18,val
aiEXnCPZubE_19,val
aiEXnCPZubE_2,val
aiEXnCPZubE_20,val
aiEXnCPZubE_21,val
aiEXnCPZubE_22,val
aiEXnCPZubE_23,val
aiEXnCPZubE_24,val
aiEXnCPZubE_25,val
aiEXnCPZubE_26,val
aiEXnCPZubE_27,val
aiEXnCPZubE_28,val
aiEXnCPZubE_29,val
aiEXnCPZubE_3,val
aiEXnCPZubE_30,val
aiEXnCPZubE_4,val
aiEXnCPZubE_5,val
aiEXnCPZubE_6,val
aiEXnCPZubE_7,val
aiEXnCPZubE_8,val
aiEXnCPZubE_9,val
atnd_PF-Lbs_1,val
atnd_PF-Lbs_10,val
atnd_PF-Lbs_11,val
atnd_PF-Lbs_12,val
atnd_PF-Lbs_13,val
atnd_PF-Lbs_14,val
atnd_PF-Lbs_15,val
atnd_PF-Lbs_16,val
atnd_PF-Lbs_17,val
atnd_PF-Lbs_18,val
atnd_PF-Lbs_19,val
atnd_PF-Lbs_2,val
atnd_PF-Lbs_20,val
atnd_PF-Lbs_21,val
atnd_PF-Lbs_3,val
atnd_PF-Lbs_4,val
atnd_PF-Lbs_5,val
atnd_PF-Lbs_6,val
atnd_PF-Lbs_7,val
atnd_PF-Lbs_8,val
atnd_PF-Lbs_9,val
bOL9jKpeJRs_1,val
bOL9jKpeJRs_10,val
bOL9jKpeJRs_11,val
bOL9jKpeJRs_12,val
bOL9jKpeJRs_13,val
bOL9jKpeJRs_14,val
bOL9jKpeJRs_15,val
bOL9jKpeJRs_16,val
bOL9jKpeJRs_17,val
bOL9jKpeJRs_18,val
bOL9jKpeJRs_19,val
bOL9jKpeJRs_2,val
bOL9jKpeJRs_20,val
bOL9jKpeJRs_21,val
bOL9jKpeJRs_22,val
bOL9jKpeJRs_23,val
bOL9jKpeJRs_24,val
bOL9jKpeJRs_25,val
bOL9jKpeJRs_26,val
bOL9jKpeJRs_27,val
bOL9jKpeJRs_28,val
bOL9jKpeJRs_29,val
bOL9jKpeJRs_3,val
bOL9jKpeJRs_30,val
bOL9jKpeJRs_31,val
bOL9jKpeJRs_32,val
bOL9jKpeJRs_33,val
bOL9jKpeJRs_34,val
bOL9jKpeJRs_4,val
bOL9jKpeJRs_5,val
bOL9jKpeJRs_6,val
bOL9jKpeJRs_7,val
bOL9jKpeJRs_8,val
bOL9jKpeJRs_9,val
bvLlb-M3UXU_1,val
bvLlb-M3UXU_10,val
bvLlb-M3UXU_11,val
bvLlb-M3UXU_12,val
bvLlb-M3UXU_13,val
bvLlb-M3UXU_14,val
bvLlb-M3UXU_15,val
bvLlb-M3UXU_16,val
bvLlb-M3UXU_17,val
bvLlb-M3UXU_18,val
bvLlb-M3UXU_19,val
bvLlb-M3UXU_2,val
bvLlb-M3UXU_20,val
bvLlb-M3UXU_21,val
bvLlb-M3UXU_22,val
bvLlb-M3UXU_23,val
bvLlb-M3UXU_24,val
bvLlb-M3UXU_25,val
bvLlb-M3UXU_3,val
bvLlb-M3UXU_4,val
bvLlb-M3UXU_5,val
bvLlb-M3UXU_6,val
bvLlb-M3UXU_7,val
bvLlb-M3UXU_8,val
bvLlb-M3UXU_9,val
c5xsKMxpXnc_1,val
c5xsKMxpXnc_10,val
c5xsKMxpXnc_11,val
c5xsKMxpXnc_12,val
c5xsKMxpXnc_13,val
c5xsKMxpXnc_14,val
c5xsKMxpXnc_15,val
c5xsKMxpXnc_2,val
c5xsKMxpXnc_3,val
c5xsKMxpXnc_4,val
c5xsKMxpXnc_5,val
c5xsKMxpXnc_6,val
c5xsKMxpXnc_7,val
c5xsKMxpXnc_8,val
c5xsKMxpXnc_9,val
c7UH_rxdZv4_1,test
c7UH_rxdZv4_10,test
c7UH_rxdZv4_11,test
c7UH_rxdZv4_12,test
c7UH_rxdZv4_13,test
c7UH_rxdZv4_14,test
c7UH_rxdZv4_15,test
c7UH_rxdZv4_16,test
c7UH_rxdZv4_17,test
c7UH_rxdZv4_18,test
c7UH_rxdZv4_19,test
c7UH_rxdZv4_2,test
c7UH_rxdZv4_20,test
c7UH_rxdZv4_21,test
c7UH_rxdZv4_22,test
c7UH_rxdZv4_23,test
c7UH_rxdZv4_24,test
c7UH_rxdZv4_25,test
c7UH_rxdZv4_26,test
c7UH_rxdZv4_27,test
c7UH_rxdZv4_28,test
c7UH_rxdZv4_29,test
c7UH_rxdZv4_3,test
c7UH_rxdZv4_30,test
c7UH_rxdZv4_31,test
c7UH_rxdZv4_32,test
c7UH_rxdZv4_33,test
c7UH_rxdZv4_4,test
c7UH_rxdZv4_5,test
c7UH_rxdZv4_6,test
c7UH_rxdZv4_7,test
c7UH_rxdZv4_8,test
c7UH_rxdZv4_9,test
cM3Yna7AavY_1,test
cM3Yna7AavY_10,test
cM3Yna7AavY_11,test
cM3Yna7AavY_12,test
cM3Yna7AavY_13,test
cM3Yna7AavY_14,test
cM3Yna7AavY_15,test
cM3Yna7AavY_16,test
cM3Yna7AavY_2,test
cM3Yna7AavY_3,test
cM3Yna7AavY_4,test
cM3Yna7AavY_5,test
cM3Yna7AavY_6,test
cM3Yna7AavY_7,test
cM3Yna7AavY_8,test
cM3Yna7AavY_9,test
cW1FSBF59ik_1,test
cW1FSBF59ik_10,test
cW1FSBF59ik_11,test
cW1FSBF59ik_12,test
cW1FSBF59ik_13,test
cW1FSBF59ik_14,test
cW1FSBF59ik_15,test
cW1FSBF59ik_16,test
cW1FSBF59ik_17,test
cW1FSBF59ik_18,test
cW1FSBF59ik_19,test
cW1FSBF59ik_2,test
cW1FSBF59ik_20,test
cW1FSBF59ik_21,test
cW1FSBF59ik_22,test
cW1FSBF59ik_23,test
cW1FSBF59ik_24,test
cW1FSBF59ik_3,test
cW1FSBF59ik_4,test
cW1FSBF59ik_5,test
cW1FSBF59ik_6,test
cW1FSBF59ik_7,test
cW1FSBF59ik_8,test
cW1FSBF59ik_9,test
cXypl4FnoZo_1,test
cXypl4FnoZo_10,test
cXypl4FnoZo_11,test
cXypl4FnoZo_12,test
cXypl4FnoZo_13,test
cXypl4FnoZo_14,test
cXypl4FnoZo_15,test
cXypl4FnoZo_16,test
cXypl4FnoZo_17,test
cXypl4FnoZo_18,test
cXypl4FnoZo_19,test
cXypl4FnoZo_2,test
cXypl4FnoZo_20,test
cXypl4FnoZo_21,test
cXypl4FnoZo_22,test
cXypl4FnoZo_23,test
cXypl4FnoZo_24,test
cXypl4FnoZo_25,test
cXypl4FnoZo_26,test
cXypl4FnoZo_27,test
cXypl4FnoZo_28,test
cXypl4FnoZo_29,test
cXypl4FnoZo_3,test
cXypl4FnoZo_4,test
cXypl4FnoZo_5,test
cXypl4FnoZo_6,test
cXypl4FnoZo_7,test
cXypl4FnoZo_8,test
cXypl4FnoZo_9,test
d3_k5Xpfmik_1,test
d3_k5Xpfmik_10,test
d3_k5Xpfmik_11,test
d3_k5Xpfmik_12,test
d3_k5Xpfmik_13,test
d3_k5Xpfmik_14,test
d3_k5Xpfmik_15,test
d3_k5Xpfmik_16,test
d3_k5Xpfmik_17,test
d3_k5Xpfmik_18,test
d3_k5Xpfmik_19,test
d3_k5Xpfmik_2,test
d3_k5Xpfmik_3,test
d3_k5Xpfmik_4,test
d3_k5Xpfmik_5,test
d3_k5Xpfmik_6,test
d3_k5Xpfmik_7,test
d3_k5Xpfmik_8,test
d3_k5Xpfmik_9,test
d6hH302o4v8_1,test
d6hH302o4v8_10,test
d6hH302o4v8_11,test
d6hH302o4v8_12,test
d6hH302o4v8_13,test
d6hH302o4v8_14,test
d6hH302o4v8_15,test
d6hH302o4v8_16,test
d6hH302o4v8_17,test
d6hH302o4v8_18,test
d6hH302o4v8_19,test
d6hH302o4v8_2,test
d6hH302o4v8_20,test
d6hH302o4v8_21,test
d6hH302o4v8_22,test
d6hH302o4v8_23,test
d6hH302o4v8_24,test
d6hH302o4v8_25,test
d6hH302o4v8_26,test
d6hH302o4v8_27,test
d6hH302o4v8_28,test
d6hH302o4v8_29,test
d6hH302o4v8_3,test
d6hH302o4v8_30,test
d6hH302o4v8_31,test
d6hH302o4v8_32,test
d6hH302o4v8_33,test
d6hH302o4v8_34,test
d6hH302o4v8_35,test
d6hH302o4v8_36,test
d6hH302o4v8_37,test
d6hH302o4v8_38,test
d6hH302o4v8_39,test
d6hH302o4v8_4,test
d6hH302o4v8_40,test
d6hH302o4v8_41,test
d6hH302o4v8_42,test
d6hH302o4v8_43,test
d6hH302o4v8_5,test
d6hH302o4v8_6,test
d6hH302o4v8_7,test
d6hH302o4v8_8,test
d6hH302o4v8_9,test
dq3Nf_lMPnE_1,test
dq3Nf_lMPnE_10,test
dq3Nf_lMPnE_11,test
dq3Nf_lMPnE_12,test
dq3Nf_lMPnE_13,test
dq3Nf_lMPnE_14,test
dq3Nf_lMPnE_15,test
dq3Nf_lMPnE_2,test
dq3Nf_lMPnE_3,test
dq3Nf_lMPnE_4,test
dq3Nf_lMPnE_5,test
dq3Nf_lMPnE_6,test
dq3Nf_lMPnE_7,test
dq3Nf_lMPnE_8,test
dq3Nf_lMPnE_9,test
etzxEpPuc6I_1,test
etzxEpPuc6I_10,test
etzxEpPuc6I_11,test
etzxEpPuc6I_12,test
etzxEpPuc6I_13,test
etzxEpPuc6I_14,test
etzxEpPuc6I_15,test
etzxEpPuc6I_16,test
etzxEpPuc6I_17,test
etzxEpPuc6I_18,test
etzxEpPuc6I_19,test
etzxEpPuc6I_2,test
etzxEpPuc6I_3,test
etzxEpPuc6I_4,test
etzxEpPuc6I_5,test
etzxEpPuc6I_6,test
etzxEpPuc6I_7,test
etzxEpPuc6I_8,test
etzxEpPuc6I_9,test
f9O3YtZ2VfI_1,test
f9O3YtZ2VfI_10,test
f9O3YtZ2VfI_11,test
f9O3YtZ2VfI_12,test
f9O3YtZ2VfI_13,test
f9O3YtZ2VfI_14,test
f9O3YtZ2VfI_15,test
f9O3YtZ2VfI_16,test
f9O3YtZ2VfI_17,test
f9O3YtZ2VfI_18,test
f9O3YtZ2VfI_19,test
f9O3YtZ2VfI_2,test
f9O3YtZ2VfI_20,test
f9O3YtZ2VfI_21,test
f9O3YtZ2VfI_22,test
f9O3YtZ2VfI_23,test
f9O3YtZ2VfI_24,test
f9O3YtZ2VfI_25,test
f9O3YtZ2VfI_26,test
f9O3YtZ2VfI_27,test
f9O3YtZ2VfI_28,test
f9O3YtZ2VfI_29,test
f9O3YtZ2VfI_3,test
f9O3YtZ2VfI_30,test
f9O3YtZ2VfI_4,test
f9O3YtZ2VfI_5,test
f9O3YtZ2VfI_6,test
f9O3YtZ2VfI_7,test
f9O3YtZ2VfI_8,test
f9O3YtZ2VfI_9,test
f_pcplsH_V0_1,test
f_pcplsH_V0_10,test
f_pcplsH_V0_11,test
f_pcplsH_V0_12,test
f_pcplsH_V0_13,test
f_pcplsH_V0_14,test
f_pcplsH_V0_15,test
f_pcplsH_V0_2,test
f_pcplsH_V0_3,test
f_pcplsH_V0_4,test
f_pcplsH_V0_5,test
f_pcplsH_V0_6,test
f_pcplsH_V0_7,test
f_pcplsH_V0_8,test
f_pcplsH_V0_9,test
fvVhgmXxadc_1,test
fvVhgmXxadc_10,test
fvVhgmXxadc_11,test
fvVhgmXxadc_12,test
fvVhgmXxadc_13,test
fvVhgmXxadc_14,test
fvVhgmXxadc_2,test
fvVhgmXxadc_3,test
fvVhgmXxadc_4,test
fvVhgmXxadc_5,test
fvVhgmXxadc_6,test
fvVhgmXxadc_7,test
fvVhgmXxadc_8,test
fvVhgmXxadc_9,test
iiK8YX8oH1E_1,test
iiK8YX8oH1E_10,test
iiK8YX8oH1E_11,test
iiK8YX8oH1E_12,test
iiK8YX8oH1E_13,test
iiK8YX8oH1E_14,test
iiK8YX8oH1E_15,test
iiK8YX8oH1E_16,test
iiK8YX8oH1E_17,test
iiK8YX8oH1E_18,test
iiK8YX8oH1E_2,test
iiK8YX8oH1E_3,test
iiK8YX8oH1E_4,test
iiK8YX8oH1E_5,test
iiK8YX8oH1E_6,test
iiK8YX8oH1E_7,test
iiK8YX8oH1E_8,test
iiK8YX8oH1E_9,test
jUzDDGyPkXU_1,test
jUzDDGyPkXU_10,test
jUzDDGyPkXU_11,test
jUzDDGyPkXU_12,test
jUzDDGyPkXU_13,test
jUzDDGyPkXU_14,test
jUzDDGyPkXU_15,test
jUzDDGyPkXU_16,test
jUzDDGyPkXU_17,test
jUzDDGyPkXU_18,test
jUzDDGyPkXU_19,test
jUzDDGyPkXU_2,test
jUzDDGyPkXU_20,test
jUzDDGyPkXU_21,test
jUzDDGyPkXU_22,test
jUzDDGyPkXU_23,test
jUzDDGyPkXU_24,test
jUzDDGyPkXU_25,test
jUzDDGyPkXU_26,test
jUzDDGyPkXU_27,test
jUzDDGyPkXU_3,test
jUzDDGyPkXU_4,test
jUzDDGyPkXU_5,test
jUzDDGyPkXU_6,test
jUzDDGyPkXU_7,test
jUzDDGyPkXU_8,test
jUzDDGyPkXU_9,test
k5Y_838nuGo_1,test
k5Y_838nuGo_10,test
k5Y_838nuGo_11,test
k5Y_838nuGo_12,test
k5Y_838nuGo_13,test
k5Y_838nuGo_14,test
k5Y_838nuGo_15,test
k5Y_838nuGo_16,test
k5Y_838nuGo_17,test
k5Y_838nuGo_18,test
k5Y_838nuGo_19,test
k5Y_838nuGo_2,test
k5Y_838nuGo_20,test
k5Y_838nuGo_21,test
k5Y_838nuGo_22,test
k5Y_838nuGo_23,test
k5Y_838nuGo_24,test
k5Y_838nuGo_25,test
k5Y_838nuGo_26,test
k5Y_838nuGo_27,test
k5Y_838nuGo_28,test
k5Y_838nuGo_29,test
k5Y_838nuGo_3,test
k5Y_838nuGo_30,test
k5Y_838nuGo_31,test
k5Y_838nuGo_4,test
k5Y_838nuGo_5,test
k5Y_838nuGo_6,test
k5Y_838nuGo_7,test
k5Y_838nuGo_8,test
k5Y_838nuGo_9,test
lXPQBPVc5Cw_1,test
lXPQBPVc5Cw_10,test
lXPQBPVc5Cw_11,test
lXPQBPVc5Cw_12,test
lXPQBPVc5Cw_13,test
lXPQBPVc5Cw_14,test
lXPQBPVc5Cw_15,test
lXPQBPVc5Cw_16,test
lXPQBPVc5Cw_17,test
lXPQBPVc5Cw_18,test
lXPQBPVc5Cw_19,test
lXPQBPVc5Cw_2,test
lXPQBPVc5Cw_20,test
lXPQBPVc5Cw_21,test
lXPQBPVc5Cw_22,test
lXPQBPVc5Cw_23,test
lXPQBPVc5Cw_24,test
lXPQBPVc5Cw_25,test
lXPQBPVc5Cw_26,test
lXPQBPVc5Cw_27,test
lXPQBPVc5Cw_28,test
lXPQBPVc5Cw_29,test
lXPQBPVc5Cw_3,test
lXPQBPVc5Cw_30,test
lXPQBPVc5Cw_4,test
lXPQBPVc5Cw_5,test
lXPQBPVc5Cw_6,test
lXPQBPVc5Cw_7,test
lXPQBPVc5Cw_8,test
lXPQBPVc5Cw_9,test
nbWiPyCm4g0_1,test
nbWiPyCm4g0_10,test
nbWiPyCm4g0_2,test
nbWiPyCm4g0_3,test
nbWiPyCm4g0_4,test
nbWiPyCm4g0_5,test
nbWiPyCm4g0_6,test
nbWiPyCm4g0_7,test
nbWiPyCm4g0_8,test
nbWiPyCm4g0_9,test
nzpVDcQ0ywM_1,test
nzpVDcQ0ywM_10,test
nzpVDcQ0ywM_11,test
nzpVDcQ0ywM_12,test
nzpVDcQ0ywM_13,test
nzpVDcQ0ywM_14,test
nzpVDcQ0ywM_15,test
nzpVDcQ0ywM_16,test
nzpVDcQ0ywM_17,test
nzpVDcQ0ywM_18,test
nzpVDcQ0ywM_19,test
nzpVDcQ0ywM_2,test
nzpVDcQ0ywM_20,test
nzpVDcQ0ywM_21,test
nzpVDcQ0ywM_22,test
nzpVDcQ0ywM_23,test
nzpVDcQ0ywM_24,test
nzpVDcQ0ywM_3,test
nzpVDcQ0ywM_4,test
nzpVDcQ0ywM_5,test
nzpVDcQ0ywM_6,test
nzpVDcQ0ywM_7,test
nzpVDcQ0ywM_8,test
nzpVDcQ0ywM_9,test
ob23OKe5a9Q_1,test
ob23OKe5a9Q_10,test
ob23OKe5a9Q_11,test
ob23OKe5a9Q_12,test
ob23OKe5a9Q_13,test
ob23OKe5a9Q_14,test
ob23OKe5a9Q_2,test
ob23OKe5a9Q_3,test
ob23OKe5a9Q_4,test
ob23OKe5a9Q_5,test
ob23OKe5a9Q_6,test
ob23OKe5a9Q_7,test
ob23OKe5a9Q_8,test
ob23OKe5a9Q_9,test
pLTX3ipuDJI_1,test
pLTX3ipuDJI_10,test
pLTX3ipuDJI_11,test
pLTX3ipuDJI_12,test
pLTX3ipuDJI_13,test
pLTX3ipuDJI_14,test
pLTX3ipuDJI_15,test
pLTX3ipuDJI_16,test
pLTX3ipuDJI_2,test
pLTX3ipuDJI_3,test
pLTX3ipuDJI_4,test
pLTX3ipuDJI_5,test
pLTX3ipuDJI_6,test
pLTX3ipuDJI_7,test
pLTX3ipuDJI_8,test
pLTX3ipuDJI_9,test
phBUpBr1hSo_1,test
phBUpBr1hSo_10,test
phBUpBr1hSo_11,test
phBUpBr1hSo_12,test
phBUpBr1hSo_13,test
phBUpBr1hSo_14,test
phBUpBr1hSo_15,test
phBUpBr1hSo_16,test
phBUpBr1hSo_17,test
phBUpBr1hSo_18,test
phBUpBr1hSo_19,test
phBUpBr1hSo_2,test
phBUpBr1hSo_20,test
phBUpBr1hSo_21,test
phBUpBr1hSo_3,test
phBUpBr1hSo_4,test
phBUpBr1hSo_5,test
phBUpBr1hSo_6,test
phBUpBr1hSo_7,test
phBUpBr1hSo_8,test
phBUpBr1hSo_9,test
rnaNMUZpvvg_1,test
rnaNMUZpvvg_10,test
rnaNMUZpvvg_11,test
rnaNMUZpvvg_12,test
rnaNMUZpvvg_13,test
rnaNMUZpvvg_14,test
rnaNMUZpvvg_15,test
rnaNMUZpvvg_16,test
rnaNMUZpvvg_17,test
rnaNMUZpvvg_18,test
rnaNMUZpvvg_19,test
rnaNMUZpvvg_2,test
rnaNMUZpvvg_20,test
rnaNMUZpvvg_21,test
rnaNMUZpvvg_22,test
rnaNMUZpvvg_3,test
rnaNMUZpvvg_4,test
rnaNMUZpvvg_5,test
rnaNMUZpvvg_6,test
rnaNMUZpvvg_7,test
rnaNMUZpvvg_8,test
rnaNMUZpvvg_9,test
tIrG4oNLFzE_1,test
tIrG4oNLFzE_10,test
tIrG4oNLFzE_11,test
tIrG4oNLFzE_12,test
tIrG4oNLFzE_13,test
tIrG4oNLFzE_14,test
tIrG4oNLFzE_15,test
tIrG4oNLFzE_16,test
tIrG4oNLFzE_17,test
tIrG4oNLFzE_18,test
tIrG4oNLFzE_2,test
tIrG4oNLFzE_3,test
tIrG4oNLFzE_4,test
tIrG4oNLFzE_5,test
tIrG4oNLFzE_6,test
tIrG4oNLFzE_7,test
tIrG4oNLFzE_8,test
tIrG4oNLFzE_9,test
tStelxIAHjw_1,test
tStelxIAHjw_10,test
tStelxIAHjw_11,test
tStelxIAHjw_12,test
tStelxIAHjw_13,test
tStelxIAHjw_14,test
tStelxIAHjw_15,test
tStelxIAHjw_16,test
tStelxIAHjw_2,test
tStelxIAHjw_3,test
tStelxIAHjw_4,test
tStelxIAHjw_5,test
tStelxIAHjw_6,test
tStelxIAHjw_7,test
tStelxIAHjw_8,test
tStelxIAHjw_9,test
tmZoasNr4rU_1,test
tmZoasNr4rU_10,test
tmZoasNr4rU_11,test
tmZoasNr4rU_12,test
tmZoasNr4rU_13,test
tmZoasNr4rU_14,test
tmZoasNr4rU_15,test
tmZoasNr4rU_16,test
tmZoasNr4rU_17,test
tmZoasNr4rU_18,test
tmZoasNr4rU_19,test
tmZoasNr4rU_2,test
tmZoasNr4rU_20,test
tmZoasNr4rU_3,test
tmZoasNr4rU_4,test
tmZoasNr4rU_5,test
tmZoasNr4rU_6,test
tmZoasNr4rU_7,test
tmZoasNr4rU_8,test
tmZoasNr4rU_9,test
v0zCBqDeKcE_1,test
v0zCBqDeKcE_10,test
v0zCBqDeKcE_11,test
v0zCBqDeKcE_12,test
v0zCBqDeKcE_13,test
v0zCBqDeKcE_14,test
v0zCBqDeKcE_15,test
v0zCBqDeKcE_16,test
v0zCBqDeKcE_2,test
v0zCBqDeKcE_3,test
v0zCBqDeKcE_4,test
v0zCBqDeKcE_5,test
v0zCBqDeKcE_6,test
v0zCBqDeKcE_7,test
v0zCBqDeKcE_8,test
v0zCBqDeKcE_9,test
vvZ4IcEtiZc_1,test
vvZ4IcEtiZc_10,test
vvZ4IcEtiZc_11,test
vvZ4IcEtiZc_12,test
vvZ4IcEtiZc_2,test
vvZ4IcEtiZc_3,test
vvZ4IcEtiZc_4,test
vvZ4IcEtiZc_5,test
vvZ4IcEtiZc_6,test
vvZ4IcEtiZc_7,test
vvZ4IcEtiZc_8,test
vvZ4IcEtiZc_9,test
vyB00TXsimI_1,test
vyB00TXsimI_10,test
vyB00TXsimI_11,test
vyB00TXsimI_12,test
vyB00TXsimI_13,test
vyB00TXsimI_14,test
vyB00TXsimI_15,test
vyB00TXsimI_16,test
vyB00TXsimI_17,test
vyB00TXsimI_18,test
vyB00TXsimI_19,test
vyB00TXsimI_2,test
vyB00TXsimI_20,test
vyB00TXsimI_21,test
vyB00TXsimI_22,test
vyB00TXsimI_3,test
vyB00TXsimI_4,test
vyB00TXsimI_5,test
vyB00TXsimI_6,test
vyB00TXsimI_7,test
vyB00TXsimI_8,test
vyB00TXsimI_9,test
wMbj6ajWbic_1,test
wMbj6ajWbic_10,test
wMbj6ajWbic_11,test
wMbj6ajWbic_12,test
wMbj6ajWbic_13,test
wMbj6ajWbic_14,test
wMbj6ajWbic_15,test
wMbj6ajWbic_16,test
wMbj6ajWbic_17,test
wMbj6ajWbic_18,test
wMbj6ajWbic_19,test
wMbj6ajWbic_2,test
wMbj6ajWbic_20,test
wMbj6ajWbic_21,test
wMbj6ajWbic_22,test
wMbj6ajWbic_23,test
wMbj6ajWbic_24,test
wMbj6ajWbic_25,test
wMbj6ajWbic_26,test
wMbj6ajWbic_27,test
wMbj6ajWbic_28,test
wMbj6ajWbic_29,test
wMbj6ajWbic_3,test
wMbj6ajWbic_30,test
wMbj6ajWbic_4,test
wMbj6ajWbic_5,test
wMbj6ajWbic_6,test
wMbj6ajWbic_7,test
wMbj6ajWbic_8,test
wMbj6ajWbic_9,test
yDtzw_Y-7RU_1,test
yDtzw_Y-7RU_10,test
yDtzw_Y-7RU_11,test
yDtzw_Y-7RU_12,test
yDtzw_Y-7RU_13,test
yDtzw_Y-7RU_14,test
yDtzw_Y-7RU_15,test
yDtzw_Y-7RU_16,test
yDtzw_Y-7RU_17,test
yDtzw_Y-7RU_18,test
yDtzw_Y-7RU_19,test
yDtzw_Y-7RU_2,test
yDtzw_Y-7RU_20,test
yDtzw_Y-7RU_21,test
yDtzw_Y-7RU_22,test
yDtzw_Y-7RU_23,test
yDtzw_Y-7RU_24,test
yDtzw_Y-7RU_3,test
yDtzw_Y-7RU_4,test
yDtzw_Y-7RU_5,test
yDtzw_Y-7RU_6,test
yDtzw_Y-7RU_7,test
yDtzw_Y-7RU_8,test
yDtzw_Y-7RU_9,test
yvsjCA6Y5Fc_1,test
yvsjCA6Y5Fc_10,test
yvsjCA6Y5Fc_11,test
yvsjCA6Y5Fc_12,test
yvsjCA6Y5Fc_13,test
yvsjCA6Y5Fc_14,test
yvsjCA6Y5Fc_15,test
yvsjCA6Y5Fc_16,test
yvsjCA6Y5Fc_17,test
yvsjCA6Y5Fc_18,test
yvsjCA6Y5Fc_19,test
yvsjCA6Y5Fc_2,test
yvsjCA6Y5Fc_20,test
yvsjCA6Y5Fc_21,test
yvsjCA6Y5Fc_22,test
yvsjCA6Y5Fc_23,test
yvsjCA6Y5Fc_3,test
yvsjCA6Y5Fc_4,test
yvsjCA6Y5Fc_5,test
yvsjCA6Y5Fc_6,test
yvsjCA6Y5Fc_7,test
yvsjCA6Y5Fc_8,test
yvsjCA6Y5Fc_9,test
zhpQhgha_KU_1,test
zhpQhgha_KU_10,test
zhpQhgha_KU_11,test
zhpQhgha_KU_12,test
zhpQhgha_KU_13,test
zhpQhgha_KU_14,test
zhpQhgha_KU_15,test
zhpQhgha_KU_16,test
zhpQhgha_KU_17,test
zhpQhgha_KU_18,test
zhpQhgha_KU_19,test
zhpQhgha_KU_2,test
zhpQhgha_KU_20,test
zhpQhgha_KU_21,test
zhpQhgha_KU_22,test
zhpQhgha_KU_23,test
zhpQhgha_KU_24,test
zhpQhgha_KU_25,test
zhpQhgha_KU_26,test
zhpQhgha_KU_27,test
zhpQhgha_KU_28,test
zhpQhgha_KU_29,test
zhpQhgha_KU_3,test
zhpQhgha_KU_30,test
zhpQhgha_KU_31,test
zhpQhgha_KU_32,test
zhpQhgha_KU_33,test
zhpQhgha_KU_34,test
zhpQhgha_KU_35,test
zhpQhgha_KU_4,test
zhpQhgha_KU_5,test
zhpQhgha_KU_6,test
zhpQhgha_KU_7,test
zhpQhgha_KU_8,test
zhpQhgha_KU_9,test
